Legal Job Datasets-Sources ,Links:,
,	https://www.linkedin.com/jobs/collections/recommended/?currentJobId=3982254617&discover=recommended&discoveryOrigin=JOBS_HOME_JYMBII&eBP=CwEAAAGRLLoSyyIyCi6k4v4p9MhF0YzU0v_258CICvl01uP4uyhmA9n5Pj6oJzCqJHY6qUK0p6wEqv_t2bC5Pc41G7SZyREGQ-87e1SHKDBBGV4w41ERCSQu2NQcwXI_g1ZE4Y4GFmFZQ9wx33BlwfzWXCJEOk_4fh40TPNamurymvQVI_ojzdEOI_ByfPBnegBbONKZYMWqkPX8e65hpNkfXCSMUnJZHFOKtBjPUzAir66RqNmg-z3Jfu_WBnzLKXKg4C3PKvqaw0goMN4GrIuZsP3vAXWKWle9EkimmnJxqhuoTgZSTJ0HPOQ9w2rcFqN-3dt0PXAZOeSVW-GiMarMrXj9V6o4rB1vAqcDVr0l-p97qz1vrBWWXaa5WTjGMdpzzzOr-kuuwuicF3hvr5XCWHl4Uy63oJMiyB3hFz2mZDpWgy8fhb_3_GKkZFW_J9__DA&refId=JTjYVCOsVz/tYmRW0p7Ovg==&trackingId=IyIffZC3qpNseI0ErJBpUQ==Orange,
,	2	https://www.linkedin.com/jobs/collections/recommended/?currentJobId=3916780518&discover=recommended&discoveryOrigin=JOBS_HOME_JYMBII&eBP=CwEAAAGRLLoSy_YK8Q8-nC-SxHNqLcFhk8xIPe5DyS0BLTnqwA2QgMWXGF2pM7ff2i_U4QlWcIlnsJYDaNSr-fMVjaE44kWWF_zrE2YmHawTXVj8K9KFEQLdLgDWgYdI3GFj6OrstxEkRXRqgBwUuVkhy8oVmpFm_lFy0jQzsjKaSmkmKAhsM_cTdQ6aqd2wv4lG5tbVvrcsZMTMPW4fo2sjmf_TQSHBOXp4-_fTY1sruy0yz2agXCeqdeJ7MZ3nIHzJStDP9fycIS54Nui9dFDxUjD7RU2-UR5q-7n03MARo_RX_399P5mLDEDJr9CTpmBEnV6nW9pOATVu02oPWLJ_ZJHo87geZZotTW23XCrbDgHkuQ4e5OWdPLUhUSsVmCRX2jpWGEGnG_xAw_VOIZyjrW4Y21E1hONvY1FUQQ_jmm1Vz91dP_HYPvand2-Sics-&refId=JTjYVCOsVz/tYmRW0p7Ovg==&trackingId=V4OwvbDCfrE6HGsOJUfHyA== Yellow,
,	3	https://www.linkedin.com/jobs/collections/recommended/?currentJobId=3985802513&discover=recommended&discoveryOrigin=JOBS_HOME_JYMBII&eBP=CwEAAAGRLLoSzEMXWZfEF7jDlKMOzsoXPFBogb-P1Vfk3K7fY2P1V5WwTa4SkX4qmkscqirEUGghXhk9gXU8udsaUhLZjnH_qG8ksmM8ssJnXieIcTqUL_x90mShhgIL_3bKO736VW-aqaCVScEOdYi9J5RSSNigpVewhZfKuPX_StMKp4pBQF2rX46MCWZnCDeXfSj6V0uMlAy_rlEGElXxfFZNcfLFVK1MGjcSplIvaAKGiW85YgxFfQwgcnjXczZd8OMPftACyz6B_N_Suw88vGWIe623sAqmqlyajElDw5zrjxvCHUosVJ0UY9zeCrhdWOUNVw7S6JiTPn5lXY46hs-DbbCij3pMUbAveWfmrnXJe07oFvPyW1Kd_KmW4x8NJeMV3ZzpeOhMDGZOadyOcTSjKy-Sw-WDMwnXqBmgOSVip7KbfnJpS2uIFJRB8ebencw&refId=JTjYVCOsVz/tYmRW0p7Ovg==&trackingId=Vs/LHS+QfB7yxSOaHrQ/6w==Green,
,	4	https://www.linkedin.com/jobs/collections/recommended/?currentJobId=3982063095&discover=recommended&discoveryOrigin=JOBS_HOME_JYMBII&eBP=CwEAAAGRLLoSzPOAH3dKS66Li5ugtYpsyYfO8VRgiV4wZzgRFyiqZjUj_bAXRPvGyYxQj4v8xTufsiNQhjcJU3WnguTkNMNyyfDLZ5Pd7_sPFyvqYheVcUzOQzc29uBJA5YFmgkwl17TcXvNIANGJQ_Q91cyDepcX8VnnotosTWFgjG0Z8ggpypr_5p7KfkN08_6pWWFLt8fdwui93oonGVhUDc9YwwkfdHaeO7RERsWT6p9fDgkk1C7J25p4yRtu1Z7fLzasuKPVISpa2qp3ninaqjpRQbW7SJSt3hyvK-zdr0xKfPnD1mch_rDH-s5oUakSvSLHAZiiV4SHX5-nCI0lZ8ag8sAJrqA4M033armNGXY6troKpj11eW8ZsJ-AcG_HGthEezI2hE-l86ezk7RItwSjpcGCj0SFgQJPwWXgFDogvB8HN1oKLSGVrWklEIoBUxvbQ&refId=JTjYVCOsVz/tYmRW0p7Ovg==&trackingId=0FxzRrQKZVEqgswNxGFmPg==Blue,
,	5	https://www.linkedin.com/jobs/collections/recommended/?currentJobId=3976894189&discover=recommended&discoveryOrigin=JOBS_HOME_JYMBII&eBP=CwEAAAGRLLodv99VQpX_ey4XD-y8Hj1r4C7CbPdt-WSOtfsdUwt0Xbms1ad_MjjUu46jefcG0zDsY9qCVlFUpIu2kmTtYP1QEcaQszltjMJhRiYrU3wZPyFW9jW8kstMjZ-_AuKdDzVddnAyTba4Gqg8qmugeaJPNa6xsgIZcbLelJ1n9zsvlEka_vwNSeVqQ0h1ubcbkAgQhfG-CEGu6pWbYfBdc3RB_sk03ET2cnay9W8TmXtkwD82d6UR5AD8ZJsNYzzDb9Fwh5_VEAJXaXmQ04Rl322c_J6hf8N4TIEWWWQKg1tR5hp6RjxzpWZnMZFCEaSqnku7-WfCqOLoc6sIH0hdDFTLc4AOKg2_br4nVMQsGOAJrf_7UNQN7GiTBZNwNsE-DVvwARZlZ7zCCBJaO_ezBlS4B3ptndddokkBw9vrWd2pzYqbCodnXti5Jd4r&refId=ZAnmHHUOYPYlkJr3VBLUgA==&start=24&trackingId=uc/jP61/JVBrQ/F/lqnHAA==Purple,
,	6	https://www.linkedin.com/jobs/collections/recommended/?currentJobId=3983526383&discover=recommended&discoveryOrigin=JOBS_HOME_JYMBII&eBP=CwEAAAGRLLodv6Rt1lLvBK0v913gX3ipX7xYUrnirYWZfRdeS_aBzplagp0VSflrolir07MImgZNtqC888XXm1W0N6QnuoCmb7tEAyqhbMLDhw9kGFmS6eRZQX3nbGp1otcsMmabWSuwMvh6FNYPouv27hOTfyMFOEQGk9jxxKvdJTP47pmMppa1PQ89f633_-Crqm3aJwCkemkykoKoS1dIGSSuo8kUbT2vAeH_mRlMsvKnm7u77jo9zCDI_P1WqqQUV97MfswFZ8JdbH93T8k1Upj-Eoql1AYkrvE0AVTYBsOwqUkUmwByn0HeRgcSmxm0vnGGfoWf0XS2El5FB38ulioLhm7u_4NpMePGdxPGBTISAx5NiiYcYHmGARbK0vivcCVADDez55ph806BPX-61B3eWddxBWynKXYzyMNDMU42TMNWQMGF2FXCTmg-egVP&refId=ZAnmHHUOYPYlkJr3VBLUgA==&start=24&trackingId=KhD5z4tA1dEFQII5O6s4ug== Pink,
,	https://www.linkedin.com/jobs/collections/recommended/?currentJobId=3925689245&discover=recommended&discoveryOrigin=JOBS_HOME_JYMBII&eBP=CwEAAAGRLMCs5YFjo3cvNYhqIJZqUW09JTvgOtiIJzfaczTlvS73pEc3OfTfl5I_jIj1t_HpnthyM2HhojQAP256jB6wrAEIQHFb_eSF1AhQ_Tri9ZEJS0y5dprDPNOGAX2Y0FrCJspy6rjrRnyKmosqScUJjQRaazim8mAYVRZKjGelj0HUU9g16MQIMmii8YAEMs_pwkhnMBk14E1asGjRu_bdN6XQHgDkvDnbqBi3ltAj4mK3exBQCpnxTKmneeBf12Duu79PEUuqVSETYeL1Yx99GMj9Kr_1JiSzQjCbRQq8CN5IRJjJR2oQdS0vf1ljdpXafhP2xTRz6jp2vIP71ltUjY8r8EUKHIC3RVgN3hR2V2ZfWU-U0Blbbz0OX67E3XjDHecHTB97e8SIzHjtTOdgAkh03cJbcUT1nVfxPgg2FQ0jQWDuWcqi-McAtWgCOBjsDA&refId=Hc37oTpTVoOTQHEOOMA3/A==&start=48&trackingId=kbLASGNl7RPrcgLkhqC1dA==red,
,	2	https://www.linkedin.com/jobs/collections/recommended/?currentJobId=3984361335&discover=recommended&discoveryOrigin=JOBS_HOME_JYMBII&eBP=CwEAAAGRLMIWs09Mnewdplcwtk1CiV34zeGUs_u_IGrDtUmNMj8N6Gi3zJ4m71tZCC8F5MKEn_wkQsd-BOkb_Nw7kvpQvr2uENEJqVoBBuMsYVnGdYuawRGcJV5WSQBFRGhutsrdELvGeskMMniC_1QePJMYO6dzMc7Lm-3a1q2ho-dmBYb7NUPHKUA_j3Ud7ouuxl72V5vN6CXepm3tAfwzUA5ZpEpoh4Hq_gTeboMo36C7CqhSj4Pm1JFlLa2Kon855NfJo0e0bXuHgPUoxHNKDly71alkbPxz_0D2UPl0qH6GMmTZjo_fToVBiRPyoM9Qt0SOGLokspFYkeqHJDdx7-kG4O94FtBNV0x_G4nUNxCk3zwYx2Ph3_wkmkNNAn1jpPOBnyorxcLap7OAgQkaBAflwwrqFZreVl1RYThLZtHKiyOXVFE2l5PIFUG-5IKTBRN9oCUD5Q41gzZPUUQGZMPGxDLY&refId=Em9MP21tdgDU18YDutIp8A==&start=72&trackingId=4zYfigrNzT0e2GZytkpfpg==orange,
,	3	https://www.linkedin.com/jobs/collections/recommended/?currentJobId=3947869900&discover=recommended&discoveryOrigin=JOBS_HOME_JYMBII&eBP=CwEAAAGRLMIWs_xXqU9KnvrgdERNWMQ8lf9r0NVx4SQzlTexOlGJLrizu8UlTeU20exFRCTrr5xX6EDbM3Z9GYFApnYgXa-jjy59qEuBAVK9mbymCoBM9WfyeveBJoEDHHPoRrWZxF7E-JxP57yN9ZfUhtii_j0urBYDZBJmb44O7ioEQSLbr6uQqYDDGLpJJJ4NeKSJ3umchN42gjLHhxZVgRL8LDmZ9FTelhm-NYz0N6ftNmBTQ4EoYTED7aHzddy7NpuDaKjEY_bAYUVsBbiJDfZg7JwIwYUMLGtvjnk0herY8G_A9lqffIz2bZJzxISMIpLkgBDdGWOrlzpHaXo8R8KAdFTbsvu8-Uohj9dN1vz62hAxVo-cT3htJrj1_vbASWv0WvHg2kURVRRfugM_dGivIW4qyx8SUED7DqlEjmjcYxN6c0qFpTJGC4Gh1-0u-NM&refId=Em9MP21tdgDU18YDutIp8A==&start=72&trackingId=2JcM9YVgQydsQpb2/HNW6g== Yellow,
,	4	https://www.linkedin.com/jobs/collections/recommended/?currentJobId=3948502768&discover=recommended&discoveryOrigin=JOBS_HOME_JYMBII&eBP=CwEAAAGRLMIWtGLqYtCV-5mSLs1hFUU9lWe58NX1pW1aHXA0Pe5qVDuUs6JZl9KRcMp7LcSKZET7scResaVSTwpdPIup02mjCCOjz4NFWABIhnYzowAT-s5h9GPobOQdbjUhSKEHJYADkuqbK3ihVDEY3bNW_44R6Ocxnxh9ivWdlTtTcRqSpU7x8KutawULsB4AYw9EapoIQ4AUK_OiGoeqhez9-066bcSg3HyoP_GWk3XaimlJaRRIVYq0ickQeLhKJA4P4WAqaRXHIXFwlBKA6_O9Shm9_8scR4BK2eySFUGslCcaYhs0f7SHfQDwR9-Db9l3L9RMWBF6kqgi-961_SCob-qePDBgcwPuA_wyCth0kMdvPmtNy-mRTMFQEcjY_NRAc9zKe-jK8DFYaHfwHdts-NTuVCMB7raSt5sqUqcwv1XifKdEcy8_vKdEQWQ7zu0&refId=Em9MP21tdgDU18YDutIp8A==&start=72&trackingId=lG5UUDLkRH04qk5Ksw2xWw==Bold,
,	5	https://www.linkedin.com/jobs/collections/recommended/?currentJobId=3989087467&discover=recommended&discoveryOrigin=JOBS_HOME_JYMBII&eBP=CwEAAAGRLMRUUWtNB-Dc0OSLGHnG0w1xSe0-2Tftax6CQQ7IPYLm4jjeSEMEjaFdcLsnLbKVXZipwemUcVRYSYZdxeRyrw7qfqeAZG8eoET5JODy6qM78H7TtWgn1dJax8EGoqY_ouP21UDpLL_SF-7WIIUHaSIIQGVMEoqnUOBKDGqAepbLGLSnJ4FS3oZYBxm4sC7nZ-me0gF1YTA2palERzqrQ1Kxxszbx9K__AohokC4Qn-eoPcaOA_efYtFmI3c2W1Ecl7QgBIzXDeFmXXDjObhtHnKzQHp6M1OgiqpF7RWZPIFU0b4WSoTQs3bAfMCtr3m95uxoLg5cC_5nzz1-kosTQ4sBcb17WKdU-Vab4DV8FY3gqyK3UOvo3LlsyAtXkVK2jwhB1yD7Y6kdzseZXqPmWECCczicjOtMTbjEo4YWosnWQ2owcU-u9P6NF0ItdEZq2g6Qr0sCD8zOmxBiM_NiQz1&refId=tkAb8A7l/JbjRKXJjdDMpw==&start=120&trackingId=xeRUiBsXMqa1eVYSeEB4iA==Green,
,	6	https://www.linkedin.com/jobs/collections/recommended/?currentJobId=3976695441&discover=recommended&discoveryOrigin=JOBS_HOME_JYMBII&eBP=CwEAAAGRLMSANqOwV8ICb-YUFWJYUPBgWk9MG17IySrydzbaqW9fwoMojsvCniIReKL7mQd5SySMRrJdFebuUI868zzqx4CLRNOtmSkIokJqZFDI8vEyxk3DnPW-YtL8wB8e1DcYUki920zgxkMxccvuO6k6I-x5atF2lsJRSiZu7sqc5wDRGn6VhxtUhMAkXouO0J9KKORv_JkXFHLu9qDUo-tjJ9OvAmzeKo04P9oNMtrm615zdUMx6QK3zhjmIwj26KwOKEAl77grz7rWNeJfSJ9NqjwZsfXc6LQvpeMGLhtBw8OkSzTMayVzGxAhPVE0Zm5ZwG_FIgjpFylj4xSjG6TQpoNlZM613L6ob36W05PxNLtZzDnbDIlQ_ud_M1AhoxnyzBtFFfJFQfp2Nbaa64uvzNYkDzT4bi8Q7LTBWm8Lj60IcGuWhRnzpTKcRMl5hCw&refId=SDyqVtb70H3eUz354+bfBA==&start=144&trackingId=5zBexVQSOAFghnF281ZB0A==Blue,
,	7	https://www.linkedin.com/jobs/collections/recommended/?currentJobId=3993859862&discover=recommended&discoveryOrigin=JOBS_HOME_JYMBII&eBP=CwEAAAGRLMSANiNsI97kPMX_WLGRUD6QGtJ5dZJpGX8aCzKaxFF-sE_D1PPHbSe5dRaG7Mo5WptD8Sc5SjVi8YdkaH3Sadv391X-Ng3Rv5RjFJhNlaj6wGc9010Zx97Ur9hA2pqmc2TbUk6Qp2RB-jEcOVv7XTQm29Qeztj0UhQ4yEivY5Rl_q71qSYV14iXS6GcDcJdkLfMyiji5u0ZgU9NbUa5P4QwZCRhnCi-k63lcJRbCpOgpgrnsRA7M_JPMpUi9ywQf76HwKVaG7BdSike2mumeIKgfZ0-iBacUbuOWIjpwvIFnZDgKI_08HElk7N3oeabF7vDMTGBYx-u2Zu-WPFpsJ1RS0tw5XRq3YsR3sg97XsmbCGM0nHCsNr9TQIMAU7OTR9ZcCQba3bDlfweEIe39RcnDPVjbMavB2b7tyTKp_p6ZaTI-Tawpg-bfTdw9aKXWw&refId=SDyqVtb70H3eUz354+bfBA==&start=144&trackingId=X2vbtUb5iXKJvMa4FNIB1A==Purple,
,	8	https://www.linkedin.com/jobs/collections/recommended/?currentJobId=3987418101&discover=recommended&discoveryOrigin=JOBS_HOME_JYMBII&eBP=CwEAAAGRLMUNhC_M-LtbVAzzwpvDRAgcG8xEXF9hNvGRuCR99seKSLeuM4nWePamYtFw-ezql9ShzHakLV9WvzzqgmZ85OrXpV22dPpEIP3Pj9da9kqwP6Xz1-K4ruguKBPjyxc2hgqSfBYHDwREBsoP2mPUAUsux03fymRF-Lzcaa2yKcHc4_-rvKSyQqhynpzm1PW3IWJrtii0GqF5UKcdx6bzLUYTNomcPY5lbKpmSyZeBUm9iaY6QmeMcCwTsH2hGEP3VA0ecjmxQpoY3Y9_iTvy4W0GGsELeMbMLP42OSPmeoSrU0YYcyr9GXshn5Upgg2NA-4F0DxldFw1TjPTKNoRkI4S2rGcW8AX2N4kiPE3oBXyduVjsndTp6gh9eCQg5iuZ9blsVMGnNfbHpIAJi9jSh7rKC_jVYrRREccs8uhA5FQpiMYS5iB0qasKLbO7X_NZB2y&refId=25xIMsWvzj65uHzMrYq2kw==&start=168&trackingId=Srx8dDWL997TJWAYpY5/Kw==red,
,	9	https://www.linkedin.com/jobs/collections/recommended/?currentJobId=3972110400&discover=recommended&discoveryOrigin=JOBS_HOME_JYMBII&eBP=CwEAAAGRLMUNhCoyfM6hMb4o-36Yl8dhdT_rPWKavRlBEThmBppHSHRpvntc7RdhqqhmAUMg2rChMKn2x9nTCM6SBmgoVbI-svRGWN6wv7dIXc6eg-cUVZCxWiY3JmoBmeiE0Ih88p_3ocr448NwE5OHntixdgbnq6tUusuQs_4NoKGgVOGfw_QsgpK76HqTJ-IttjsPCtQ17L1fOnN3u7hHBaO43ZdmK-_SJccfq-Jy9Q5rWUE6H1qm_Sx01Cw2gqwwtDrdU6-YhJO2Nps8iMESvVNUnIMbtAhVjon4-tR5AaXMXat5saWgvXd-JDdyRusLPZFLJOFen_InR9glUvEJmnZG8yxPke36z40tFhqKzvGx0ewzQEuaY47mw3o08sE3gxExvfLE5zTygHVGX9c2fvag7cR3Q4nclN6JKBnk42XP6FYRAa6YUDBnftOCl2M&refId=25xIMsWvzj65uHzMrYq2kw==&start=168&trackingId=b8WLaAxqcQExSXUyJhkSSw==Bold,
,"https://www.linkedin.com/jobs/search/?currentJobId=4002126061&keywords=job&origin=BLENDED_SEARCH_RESULT_NAVIGATION_SEE_ALL&originToLandingJobPostings=4003237579,4003240296,4002126061",
,https://www.linkedin.com/jobs/search/?currentJobId=3986969029&geoId=101165590&keywords=massage&origin=JOB_SEARCH_PAGE_SEARCH_BUTTON&refresh=true,
,https://www.linkedin.com/jobs/search/?currentJobId=3913158528&geoId=101165590&keywords=massage&origin=JOB_SEARCH_PAGE_SEARCH_BUTTON&refresh=true,
,https://www.linkedin.com/jobs/search/?currentJobId=3988439974&geoId=101165590&keywords=massage&origin=JOB_SEARCH_PAGE_SEARCH_BUTTON&refresh=true,
,https://www.linkedin.com/jobs/search/?currentJobId=3886665779&geoId=101165590&keywords=massage&origin=JOB_SEARCH_PAGE_SEARCH_BUTTON&refresh=true,
,https://www.linkedin.com/jobs/search/?currentJobId=3993815291&geoId=101165590&keywords=massage&origin=JOB_SEARCH_PAGE_SEARCH_BUTTON&refresh=true,
,https://www.linkedin.com/jobs/search/?currentJobId=3971265177&geoId=101165590&keywords=massage&origin=JOB_SEARCH_PAGE_SEARCH_BUTTON&refresh=true,
,https://www.linkedin.com/jobs/search/?currentJobId=3992074894&geoId=101165590&keywords=MarketingStrategy&origin=JOB_SEARCH_PAGE_KEYWORD_AUTOCOMPLETE&refresh=true,
,https://www.linkedin.com/jobs/search/?currentJobId=3993809199&geoId=101165590&keywords=MarketingStrategy&origin=JOB_SEARCH_PAGE_KEYWORD_AUTOCOMPLETE&refresh=true,
,https://www.linkedin.com/jobs/search/?currentJobId=3979939985&geoId=101165590&keywords=MarketingStrategy&origin=JOB_SEARCH_PAGE_KEYWORD_AUTOCOMPLETE&refresh=true,
,https://www.linkedin.com/jobs/search/?currentJobId=3977514146&geoId=101165590&keywords=HospitalityIndustry&origin=JOB_SEARCH_PAGE_KEYWORD_AUTOCOMPLETE&refresh=true,
,https://www.linkedin.com/jobs/search/?currentJobId=3994457491&geoId=101165590&keywords=HospitalityIndustry&origin=JOB_SEARCH_PAGE_KEYWORD_AUTOCOMPLETE&refresh=true,
,https://www.linkedin.com/jobs/search/?currentJobId=3970962214&geoId=101165590&keywords=HospitalityIndustry&origin=JOB_SEARCH_PAGE_KEYWORD_AUTOCOMPLETE&refresh=true,
,https://www.linkedin.com/jobs/search/?currentJobId=4002018309&geoId=101165590&keywords=Marketing&origin=JOB_SEARCH_PAGE_KEYWORD_AUTOCOMPLETE&refresh=true,
,https://www.linkedin.com/jobs/search/?currentJobId=3993808592&geoId=101165590&keywords=Marketing&origin=JOB_SEARCH_PAGE_KEYWORD_AUTOCOMPLETE&refresh=true,
,https://www.linkedin.com/jobs/search/?currentJobId=3982990651&geoId=101165590&keywords=Marketing&origin=JOB_SEARCH_PAGE_KEYWORD_AUTOCOMPLETE&refresh=true,
,https://www.linkedin.com/jobs/search/?currentJobId=3977157737&geoId=101165590&keywords=Marketing&origin=JOB_SEARCH_PAGE_KEYWORD_AUTOCOMPLETE&refresh=true,
,https://www.linkedin.com/jobs/search/?currentJobId=4001375313&geoId=101165590&keywords=Marketing&origin=JOB_SEARCH_PAGE_KEYWORD_AUTOCOMPLETE&refresh=true,
,https://www.linkedin.com/jobs/search/?currentJobId=3957749894&geoId=101165590&keywords=Marketing&origin=JOB_SEARCH_PAGE_KEYWORD_AUTOCOMPLETE&refresh=true,
,https://www.linkedin.com/jobs/search/?currentJobId=3984302424&geoId=101165590&keywords=Marketing&origin=JOB_SEARCH_PAGE_KEYWORD_AUTOCOMPLETE&refresh=true,
,https://www.linkedin.com/jobs/search/?currentJobId=3987648437&geoId=101165590&keywords=Marketing&origin=JOB_SEARCH_PAGE_KEYWORD_AUTOCOMPLETE&refresh=true,
,https://www.linkedin.com/jobs/search/?currentJobId=4000384964&geoId=101165590&keywords=Marketing&origin=JOB_SEARCH_PAGE_KEYWORD_AUTOCOMPLETE&refresh=true,
,https://www.linkedin.com/jobs/search/?currentJobId=3999303737&geoId=101165590&keywords=Marketing&origin=JOB_SEARCH_PAGE_KEYWORD_AUTOCOMPLETE&refresh=true&start=25,
,https://www.linkedin.com/jobs/search/?currentJobId=4000189034&geoId=101165590&keywords=Marketing&origin=JOB_SEARCH_PAGE_KEYWORD_AUTOCOMPLETE&refresh=true&start=25,