http://www.darbasuzsienyje.org/,Sorces ,Original (translated) 
,http://www.darbasuzsienyje.org/darbas-nyderlanduose/2-krovejai-reikalingi-darbui-olandijoje-1cdf7,"Nature of work
Holland, unloading/loading of containers

2 loaders urgently needed

Job profile
When unloading the boxes from the containers and stacking them on the pallet, we seal the pallets and stick stickers.
On busy days you can expect up to 6 trucks per day.
Work 5 days a week, no shifts, start time depends on truck schedules and is usually from 7-8am. morning
Cold working environment, 5-7 degrees Celsius.
Appropriate work clothes are provided
Requirements for candidates:
-1 out of 2 must communicate in spoken English;
-motivation for work
A bicycle is provided for commuting to/from work
Salary: 14.50 EUR gross per hour (with taxes).
Paid once a week.
The living area is provided in the house, its rental price is 125 EUR per person for 1 week. You do not need to pay immediately, it is deducted from your salary. 2 people per room.
Those who wish to apply should send their CV to the e-mail address: info@eurokryptis.lt
Selection for the Dutch company is carried out by:
UAB Euro direction
Šiauliai, Lithuania
Mobile phone: +370 699 89947
Email: info@eurokryptis.lt
E-mail: eurokryptis@splius.lt
www.eurokryptis.lt
Requirements
is
Reward
is"
,http://www.darbasuzsienyje.org/darbas-nyderlanduose/olandija-darbas-sandeliuose-prie-uzsakymu-surinkimo-16707,"Nature of work
EMPLOYMENT GUARANTEED !! We are one of the oldest employment agencies in Lithuania and we constantly offer permanent, legal and well-paid jobs in warehouses, factories, workshops and construction sites in Holland.
WE ARE URGENTLY OFFERING PERMANENT, LEGAL AND WELL-PAYING JOBS;

* Work in clothing, logistics warehouses - ""XPO"", ""Barts"", ""Fust"", ""Ingram"" and others (packing of new branded clothes, sticking labels, ""order picker"" positions, loading):
- Salary avg. 1600-2200 EUR/month;
- 40-60 working hours per week;
- Salary 13.86 - 19.90 EUR per hour + overtime, + holidays;
- Salary paid on time !!
- All social guarantees !!
- Work for men and women;
- Proficiency in English is an advantage (for those who do not know the language, employers compensate for English language courses) !
- No experience required!
- Good living conditions!
- We take you, meet you, accommodate you and organize the necessary documents.
We have 10 seats!! Departures all year round almost every week !!

YOU CAN FIND MORE JOB OFFERS on our website WWW.DIRBKUZSIENYJE.LT, by calling or visiting our company headquarters (FREE consultation).

www.dirbkuzsienyje.lt
Phone: +370 683 26708; +370 683 26709
email mail: info@dirbkuzsienyje.lt
https://www.instagram.com/dirbkuzsienyje/
https://www.youtube.com/channel/UC_zuEBWrqK7EXIjUMIHC0vg/videos

--- Tax refund for those who worked abroad (England, USA, Norway, Ireland, Holland, Germany, Australia, Canada) !! ---
Additional information
GUARANTEED EMPLOYMENT !! We are one of the oldest operating recruitment agencies in Lithuania - the company has been working for 14 years !!
We offer you well-paid warehouse jobs in Holland.
www.dirbkuzsienyje.lt
Requirements
Diligence, honesty, responsibility, motivation for work.
Reward
2000"
,http://www.darbasuzsienyje.org/darbas-vokietijoje/vokietija-darbas-vairuotojams-kurjeriams-alga-1800-2400-eur-19605,"Nature of work
JOB DESCRIPTION:
Legal and well-paid work for courier drivers in Germany is offered. Shipping and delivery of parcels by full-size cars (categories ""B"", ""C"" and ""C E"").

SALARY:
* Avg. 1800 - 2400 EUR per month.

WORKING HOURS:
* 8-10 working hours per day (after gaining experience, you will deliver parcels faster);
* The possibility of additional work (overtime).

REQUIREMENTS:
* Age from 18 years;
* Experience is not required (when transporting packages with ""C"", ""C E"" categories, experience is necessary);
* Valid ""B"", ""C"", ""C E"" category driver's license (according to job position);
* Basics of spoken English or Russian (German is an advantage);
* Diligence, honesty, motivation for work.

ACCOMMODATION:
* Good living conditions;
* Housing will be found and provided immediately upon arrival.

DEPARTURE:
* Upcoming departures - throughout the year by agreement
* We organize travel and trust.

DOCUMENTS:
* All necessary documents are arranged;
* We open a bank account (if necessary).

www.dirbkuzsienyje.lt
Phone: +370 683 26708; +370 683 26709
email mail: info@dirbkuzsienyje.lt
https://www.instagram.com/dirbkuzsienyje/
https://www.youtube.com/channel/UC_zuEBWrqK7EXIjUMIHC0vg/videos

--- Tax refund for those who worked abroad (England, USA, Norway, Ireland, Holland, Germany, Australia, Canada) !! ---
Additional information
GUARANTEED EMPLOYMENT !! We are one of the oldest recruitment agencies in Lithuania - the company has been working for 15 years !!
We offer you well-paid jobs in Germany.
www.dirbkuzsienyje.lt
Requirements
Diligence, honesty, responsibility, motivation for work.
Reward
2000"
,http://www.darbasuzsienyje.org/darbas-didziojoje-britanijoje/anglija-darbas-rubu-sandeliuose-sainsburys-moss-bros-1586f,"Nature of work
EMPLOYMENT GUARANTEED !! We are one of the oldest employment agencies in Lithuania and we constantly offer permanent, legal and well-paid jobs in warehouses and workshops in England.
WE ARE URGENTLY OFFERING PERMANENT, LEGAL AND WELL-PAYING JOBS;

* Work in clothing warehouses - Sainsbury's/DHL and others (packing new branded clothes, sticking labels, loading the ""order picker"" position):
- Hourly payment of work;
- Up to 60 working hours per week;
- Salary avg. £12.65 - £18 per hour, £350 - £600 per week;
- Salary paid on time (weekly) !!
- All social guarantees !!
- Work for men, women and couples;
- Knowledge of English is an advantage!
- No experience required!
- Good living conditions!
- We organize travel, meeting, accommodation!
We have 10 seats!! Departures in February, March, April.

YOU CAN FIND MORE JOB OFFERS on our website WWW.DIRBKUZSIENYJE.LT, by calling or visiting our company headquarters (FREE consultation).

www.dirbkuzsienyje.lt
Phone: +370 683 26708; +370 683 26709
email mail: info@dirbkuzsienyje.lt
https://www.instagram.com/dirbkuzsienyje/
https://www.youtube.com/channel/UC_zuEBWrqK7EXIjUMIHC0vg/videos
https://www.facebook.com/Works in Holland, England, Germany/

--- Tax refund for those who worked abroad (England, USA, Norway, Ireland, Holland, Germany, Australia, Canada) !! ---
Additional information
GUARANTEED EMPLOYMENT !! We are the oldest operating recruitment agency in Lithuania - the company has been working for 10 years !!
We offer you well-paid jobs in warehouses, factories and workshops in England.
www.dirbkuzsienyje.lt
Requirements
diligence, honesty, responsibility, motivation for work.
Reward
2200"
,http://www.darbasuzsienyje.org/darbas-didziojoje-britanijoje/anglija-darbas-pakavimo-sandeliuose-whistl-sainsburys-ir-kiti-15869,"Nature of work
EMPLOYMENT GUARANTEED !! We are one of the oldest employment agencies in Lithuania and we constantly offer permanent, legal and well-paid jobs in factories, warehouses, workshops, printing houses and hotels in England.
WE ARE URGENTLY OFFERING PERMANENT, LEGAL AND WELL PAYING JOBS IN LONDON;

* Work in logistics (""WHISTL"", ""SAINSBURY'S"", ""TESCO and others"") warehouses (packing, loading of toys, food products, clothes, ""order picker"" positions):
- Hourly payment of work;
- Up to 60 working hours per week;
- Salary avg. £300-£500 per week / £8.72 - £12 per hour;
- Salary paid on time (weekly) !!
-- Work for men and women;
- Knowledge of English is not necessary!
- No experience required!
- Good living conditions!
- We take you, meet you, accommodate you and organize the necessary documents.
We have 8 seats available !! Departures on January 29, February

YOU CAN FIND MORE JOB OFFERS on our website WWW.DIRBKUZSIENYJE.LT, by calling or visiting our company headquarters (FREE consultation).

www.dirbkuzsienyje.lt
Phone: +370 683 26708; +370 683 26709
email mail: info@dirbkuzsienyje.lt
https://www.instagram.com/dirbkuzsienyje/
https://www.youtube.com/channel/UC_zuEBWrqK7EXIjUMIHC0vg/videos

--- Tax refund for those who worked abroad (England, USA, Norway, Ireland, Holland, Germany, Australia, Canada) !! ---
Additional information
GUARANTEED EMPLOYMENT !! We are the oldest operating recruitment agency in Lithuania - the company has been working for 10 years !!
We offer you well-paid jobs in warehouses, factories and workshops in England.
www.dirbkuzsienyje.lt
Requirements
diligence, honesty, responsibility, motivation for work.
Reward
2200"
,http://www.darbasuzsienyje.org/darbas-didziojoje-britanijoje/anglija-darbas-pakavimo-sandeliuose-whistl-sainsburys-ir-kiti-15869,"Nature of work
We are the OLDEST operating recruitment agency in Lithuania and offer well-paid, permanent and legal jobs in England in warehouses, factories, hotels (Amazon, Sainsbury's, Moss Bros, Blue Inc, UK Mail, Augustus Martin, Moy Park, Asda, ibis, Tulip and others):

- In printing houses (paper factories), post offices;
- In clothes warehouses (new and branded clothes);
- For drivers, couriers (""Amazon"" - parcel delivery);
- In electronics warehouses (""order picking"")
- Logistics of food products in packaging warehouses;
- In chocolate and confectionery packaging factories;
- Metal factory;
- Secondary raw materials sorting factories;
- Semi-finished, ready-to-eat products in packaging factories;
- In vegetable and fruit packing warehouses;
- In construction;
- In hotels, restaurants, cafes, banquet services;
- In car repair shops (blacksmiths, mechanics, painters);
- Moving furniture.

--- Salary avg. £300-600 per week;
--- English is not necessary (depending on the job position).

We take you, accommodate you and arrange the documents.

DEPARTURES in 2021 - we take place every Friday, all year !!

EMPLOYMENT GUARANTEED - we are one of the oldest operating employment agencies in Lithuania and we offer you legal, well-paid and permanent jobs in warehouses, workshops, factories, hotels and the farm sector in England.

www.dirbkuzsienyje.lt
Phone: +370 683 26708; +370 683 26709
email mail: info@dirbkuzsienyje.lt
https://www.instagram.com/dirbkuzsienyje/
https://www.youtube.com/channel/UC_zuEBWrqK7EXIjUMIHC0vg/videos

--- Tax refund for those who worked abroad (England, USA, Norway, Ireland, Holland, Germany, Australia, Canada) !! ---
Additional information
GUARANTEED EMPLOYMENT !! We are the oldest operating recruitment agency in Lithuania - the company has been working for 10 years !!
We offer you well-paid jobs in warehouses, factories and workshops in England.
www.dirbkuzsienyje.lt
Requirements
diligence, honesty, responsibility, motivation for work.
Reward
2200"
,http://www.darbasuzsienyje.org/darbas-didziojoje-britanijoje/anglija-darbas-sokolado-ir-konditerijos-pakavimo-fabrikuose-15868,"Nature of work
We are one of the OLDEST operating recruitment agencies in Lithuania and we offer permanent and well-paid jobs in England!!

We will employ you in the following jobs:

* WORKING IN CHOCOLATE AND CONFECTIONERY PACKAGING FACTORIES (candy and confectionery packaging);
(we have 4 seats) - departures on January 29, February

YOU CAN FIND MORE JOB OFFERS on our website WWW.DIRBKUZSIENYJE.LT, by calling or visiting our company headquarters (FREE consultation).

www.dirbkuzsienyje.lt
Phone: +370 683 26708; +370 683 26709
email mail: info@dirbkuzsienyje.lt
https://www.instagram.com/dirbkuzsienyje/
https://www.youtube.com/channel/UC_zuEBWrqK7EXIjUMIHC0vg/videos

--- Tax refund for those who worked abroad (England, USA, Norway, Ireland, Holland, Germany, Australia, Canada) !! ---
Additional information
GUARANTEED EMPLOYMENT !! We are the oldest operating recruitment agency in Lithuania - the company has been working for 10 years !!
We offer you well-paid jobs in warehouses, factories and workshops in England.
www.dirbkuzsienyje.lt
Requirements
diligence, honesty, responsibility, motivation for work.
Reward
2200"
,http://www.darbasuzsienyje.org/darbas-nyderlanduose/olandija-darbas-logistikos-sandeliuose-prie-uzsakymu-komplektavimo-17f24,"Nature of work
EMPLOYMENT GUARANTEED !! We are one of the oldest employment agencies in Lithuania and we constantly offer permanent, legal and well-paid jobs in warehouses, factories, workshops and construction sites in Holland.
WE ARE URGENTLY OFFERING PERMANENT, LEGAL AND WELL-PAYING JOBS;

* Work in logistics warehouses - ""Simon Loos"", ""Syncreon"", ""Ceva"" and others (packing goods, sticking labels, ""order picker"" positions, loading):
- Salary avg. 1600-2300 EUR/month;
- 40-60 working hours per week;
- Salary avg. 13.68 - 22.54 EUR per hour + overtime, + holidays;
- Salary paid on time !!
- All social guarantees !!
- Work for men and women and couples;
- Proficiency in English is an advantage (for those who do not know the language, there are projects where employers can compensate for English language courses)!
-- Good living conditions!
- We take you, meet you, accommodate you and organize the necessary documents.
We have 10 seats!! Departures all year round almost every week !!

YOU CAN FIND MORE JOB OFFERS on our website WWW.DIRBKUZSIENYJE.LT, by calling or visiting our company headquarters (FREE consultation).

www.dirbkuzsienyje.lt
Phone: +370 683 26708; +370 683 26709
email mail: info@dirbkuzsienyje.lt
https://www.instagram.com/dirbkuzsienyje/
https://www.youtube.com/watch?v=6wHfkVc38-s&list=UU_zuEBWrqK7EXIjUMIHC0vg&index=1

--- Tax refund for those who worked abroad (England, USA, Norway, Ireland, Holland, Germany, Australia, Canada) !!
Additional information
GUARANTEED EMPLOYMENT !! We are one of the oldest recruitment agencies in Lithuania - the company has been working for 15 years !!
We offer you well-paid warehouse jobs in Holland.
www.dirbkuzsienyje.lt
Requirements
Diligence, honesty, responsibility, motivation for work.
Reward
2000"
,http://www.darbasuzsienyje.org/darbas-vokietijoje/vokietija-darbas-sandelyje-prie-uzsakymu-komplektavimo-1c440,"Nature of work
JOB DESCRIPTION:
Collection and assembly of goods using voice commands (household goods, hygiene products, fruit juices, etc.). Working with email wheelchair. Taking into account the employer's recommendations - age up to ~ 40 years.

SALARY:
* Salary paid on time (monthly);
* Avg. 1600-2500 EUR per month;
* Payment avg. from 13 - 15 Eur per hour;
* Social guarantees (when working with a German contract, length of service in Lithuania is calculated in the same way).

WORKING HOURS:
* Avg. 40-60 working hours per week;
* The possibility of additional work (overtime).

REQUIREMENTS:
* Age from 18 to 40 years;
* No experience required;
* Diligence, honesty, responsibility and motivation for work;
* The language is not required (the job requires knowledge of numbers in English, which can be easily learned).

ACCOMMODATION:
* Good living conditions (double rooms with WI-FI);
* Housing will be found and provided immediately upon arrival (you can also find housing on your own).

DEPARTURE:
* Nearest departures throughout the year by arrangement
* We organize travel and trust.

DOCUMENTS:
* A bank account is opened (if necessary);

CONTACT INFORMATION:
+370 683 26708; +370 683 26709;
www.dirbkuzsienyje.lt
info@dirbkuzsienyje.lt

https://www.instagram.com/dirbkuzsienyje/
https://www.youtube.com/channel/UC_zuEBWrqK7EXIjUMIHC0vg/videos
https://www.facebook.com/Works in Holland, England, Germany/
Additional information
GUARANTEED EMPLOYMENT !! We are one of the oldest operating recruitment agencies in Lithuania - the company has been working for 14 years !!
We offer you well-paid jobs in warehouses in Germany.
www.dirbkuzsienyje.lt
Requirements
Diligence, honesty, responsibility, motivation for work.
Reward
2000"
,http://www.darbasuzsienyje.org/darbas-didziojoje-britanijoje/darbas-be-anglu-kalbos-sandeliuose-ir-fabrikuose-anglijoje-15864,"Nature of work
You can't find a job and you don't live in Lithuania or you want to earn extra money, but you don't know a foreign language?
No problem - one of the recruitment agencies with the most experience in recruitment abroad offers you various, well-paid jobs in England that do not require English language skills.
Moving office and individual home furniture (work for a furniture moving company in London).

We are currently hiring you in England:

* In industrial areas - factories, warehouses, workshops (packaging of food products and clothes, electronics, semi-finished goods, haberdashery; processing of metal products, recycling industry and printing-paper mills) - ""Amazon"", ""Sainsbury's"", ""Moss Bros"", "" Blue Inc, Moy Park, Augustus Martin, UK Mail, Asda and others;

* For drivers, couriers (delivery of Amazon and other parcels);

* In fruit, vegetable, flower packaging, sorting, packaging warehouses (tomatoes, grapes, potatoes, onions, lettuce, sprouts, radishes, potted flowers, bouquets);

* To harvest processing and preparatory work for various agricultural products (preparation and removal of irrigation systems, weeding of gardens);

* In construction (masons, interior decoration, support workers);

* In hotels, cafes, car washes (support staff, housekeeping, restaurant work, cafe waitresses) - ""ibis"" and others;

* In car services (blacksmiths, mechanics, painters);

-- Jobs are permanent and seasonal (according to your needs) and legal;
-- Salary avg. £300-£700 per week / £8.72 - £12 per hour;
-- Jobs for men, women, couples;
-- Jobs for students and schoolchildren;
-- Employment is guaranteed;
A foreign language is not required for work (there are several positions where English is an advantage);
-- Jobs are legal, with social guarantees;
-- No experience required;
-- We welcome and accommodate;

DEPARTURES TO ENGLAND IN 2021 ARE HAPPENING EVERY WEEK ALL YEAR !!

www.dirbkuzsienyje.lt
Phone: +370 683 26708; +370 683 26709
email mail: info@dirbkuzsienyje.lt
https://www.instagram.com/dirbkuzsienyje/
https://www.youtube.com/channel/UC_zuEBWrqK7EXIjUMIHC0vg/videos

Interested and have additional questions? Call the indicated company phones, come for a consultation (FREE CONSULTATION) at our company office, or simply visit our website.

--- Tax refund for those who worked abroad (England, USA, Norway, Ireland, Holland, Germany, Australia, Canada) !! ---
Additional information
GUARANTEED EMPLOYMENT !! We are the oldest operating recruitment agency in Lithuania - the company has been working for 10 years !!
We offer you well-paid jobs in warehouses, factories and workshops in England.
www.dirbkuzsienyje.lt
Requirements
diligence, honesty, responsibility, motivation for work.
Reward
2200"
,http://www.darbasuzsienyje.org/darbas-didziojoje-britanijoje/anglija-darbas-prie-baldu-perkraustymo-londone-15863,"Nature of work
EMPLOYMENT GUARANTEED !! We are one of the oldest employment agencies in Lithuania and we constantly offer permanent, legal and well-paid jobs in factories, warehouses, workshops, printing houses and hotels in England.
WE ARE URGENTLY OFFERING PERMANENT, LEGAL AND WELL PAYING JOBS IN LONDON;

* Moving office and individual home furniture (work for a furniture moving company in London).
- Hourly payment of work;
- Up to 60 working hours per week !!
- Salary paid on time (weekly) !!
- Salary avg. £300-£500 per week / £8.72 - £12 per hour;
- All social guarantees !!
- Work for men;
- Knowledge of English is not necessary !!
- Long-term work !!
- No experience required!
- Good living conditions!
- We take you, meet you, accommodate you and organize the necessary documents.
- We have 4 seats!! Departures on January 29, February

YOU CAN FIND MORE JOB OFFERS on our website WWW.DIRBKUZSIENYJE.LT, by calling or visiting our company headquarters (FREE consultation).

www.dirbkuzsienyje.lt
Phone: +370 683 26708; +370 683 26709
email mail: info@dirbkuzsienyje.lt
https://www.instagram.com/dirbkuzsienyje/
https://www.youtube.com/channel/UC_zuEBWrqK7EXIjUMIHC0vg/videos

--- Tax refund for those who worked abroad (England, USA, Norway, Ireland, Holland, Germany, Australia, Canada) !! ---
Additional information
GUARANTEED EMPLOYMENT !! We are the oldest operating recruitment agency in Lithuania - the company has been working for 10 years !!
We offer you well-paid jobs in warehouses, factories and workshops in England.
www.dirbkuzsienyje.lt
Requirements
diligence, honesty, responsibility, motivation for work.
Reward
2200"
,http://www.darbasuzsienyje.org/darbas-didziojoje-britanijoje/anglija-legalus-ir-nuolatiniai-darbai-sandeliuose-fabrikuose-15860,"Nature of work
EMPLOYMENT GUARANTEED !! We are one of the oldest employment agencies in Lithuania and we constantly offer permanent, legal and well-paid jobs in factories, warehouses, workshops, printing houses and hotels
in England.
WE ARE URGENTLY OFFERING PERMANENT, LEGAL AND WELL PAYING JOBS IN LONDON AND MIDDLE ENGLAND;

* Work in metal and secondary raw material sorting factories; - (production, cleaning of metal caps, boxes; sorting of plastic, paper, plastic at the conveyor);
- Hourly payment of work;
- Up to 60 working hours per week !!
- Salary paid on time (weekly) !!
- Salary avg. £300-£500 per week / £8.72 - £12 per hour;
- All social guarantees !!
- Work for men and women;
- Knowledge of English is not necessary !!
- Long-term work !!
- No experience required!
- Good living conditions!
- We take you, meet you, accommodate you and organize the necessary documents.
- We have 4 seats!! Departures on January 29, February

YOU CAN FIND MORE JOB OFFERS on our website WWW.DIRBKUZSIENYJE.LT, by calling or visiting our company headquarters (FREE consultation).

www.dirbkuzsienyje.lt
Phone: +370 683 26708; +370 683 26709
email mail: info@dirbkuzsienyje.lt
https://www.instagram.com/dirbkuzsienyje/
https://www.youtube.com/channel/UC_zuEBWrqK7EXIjUMIHC0vg/videos

--- Tax refund for those who worked abroad (England, USA, Norway, Ireland, Holland, Germany, Australia, Canada) !! ---
Additional information
GUARANTEED EMPLOYMENT !! We are the oldest operating recruitment agency in Lithuania - the company has been working for 10 years !!
We offer you well-paid jobs in warehouses, factories and workshops in England.
www.dirbkuzsienyje.lt
Requirements
diligence, honesty, responsibility, motivation
Reward
2200"
,http://www.darbasuzsienyje.org/darbas-didziojoje-britanijoje/anglija-darbas-vaisiu-darzoviu-ir-geliu-pakavimo-sandeliuose-15861,"Nature of work
ATTENTION, in our contract we undertake to EMPLOY - our contracts are not consultative! Employment GUARANTEED !!

WE ARE URGENTLY OFFERING PERMANENT, LEGAL AND WELL-PAID JOBS in warehouses, factories in ENGLAND;
(IMPORTANT - the work takes place all year round, so that people are invited to go for both permanent and seasonal work) !!

- We will employ you in the following positions in England:

* WORKS IN TOMATO, GRAPE PACKAGING WAREHOUSES;
(9 people required) - departures on January 29, February

* WORKS IN SALAD MAKING AND CUTTING FACTORIES;
(we have 5 places) - departures departures January 29, February

* WORKS ON CABBAGE PACKAGING;
(currently we have 6 seats) - departures on January 29, February

* SPROUTING OF SPROUTS, PLANTS (""planting"") IN WAREHOUSES;
(we have 6 seats) - departures on January 29, February

* PACKING OF FLOWERS, BOUQUETS, POTTED FLOWERS (marking of pots, planting flowers, packing) IN WAREHOUSES;
(currently we have 6 seats) - departures on January 29, February

* PACKAGING AND SORTING OF CARROTS, ONIONS, POTATOES IN FACTORIES;
(8 people required) - departures on January 29, February

- English is not necessary (depending on the situation) !!
- Salary avg. £300-£500 per week / £8.72 - £12 per hour !!
- Salary paid on time (weekly) !!
- Overtime;
- All social guarantees !!
- Good living conditions with all amenities (houses, cottages)!
- Job GUARANTEED immediately (guaranteed departure within a week) !!
- No experience required!
- Minimum selection requirements (age 18 to 65) !
- The best conditions!!
- There are no CV translation or REGISTRATION fees - all consultations are FREE !!
- We take you, meet you, accommodate you and organize the necessary documents;

ATTENTION - we are working throughout 2021 (departures every week) !!

YOU CAN FIND MORE JOB OFFERS on our website www.dirbkuzsienyje.lt, by calling or visiting our company headquarters.

www.dirbkuzsienyje.lt
Phone: +370 683 26708; +370 683 26709
email mail: info@dirbkuzsienyje.lt
https://www.instagram.com/dirbkuzsienyje/
https://www.youtube.com/channel/UC_zuEBWrqK7EXIjUMIHC0vg/videos

- We are one of the oldest and most successful recruitment agencies in Lithuania and we will hire you for permanent, legal and well-paid jobs in factories, warehouses, workshops and agriculture in England. -

--- Tax refund for those who worked abroad (England, USA, Norway, Ireland, Holland, Germany, Australia, Canada) !! ---
Additional information
GUARANTEED EMPLOYMENT !! We are the oldest operating recruitment agency in Lithuania - the company has been working for 10 years !!
We offer you well-paid jobs in warehouses, factories and workshops in England.
www.dirbkuzsienyje.lt
Requirements
diligence, honesty, responsibility, motivation for work.
Reward
2200"
,http://www.darbasuzsienyje.org/darbas-nyderlanduose/olandija-darbas-logistikos-ir-pakavimo-sandeliuose-1aa1b,"Nature of work
GUARANTEED EMPLOYMENT! FREE recruitment! Dutch contract!
We have been working for 14 years!

Profitable and direct job offers in the NETHERLANDS!

We work for our clients in such companies as Syncreon, Ceva, Fust, Kwantum, Leen Bakker, Spotta, PostNL, Edeka, Simon Loos, Deen Supermarkets, Barts "", Hema, IDL, Welkoop, Ingram, Van Loon and others.

Collecting and completing orders, marking goods, quality control, packing, loading and other simple tasks (for men, women and couples):

- In logistics warehouses,
- In clothes warehouses (new and branded clothes),
- In the printing house,
- at the post office,
- For truck drivers,
- In electronics warehouses,
- In consignment warehouses,
- Household items in warehouses,
- In warehouses of trade networks,
- When unloading containers,

* Salary in the Netherlands avg. 1600-2200 EUR per month. / 13.27 - 19.90 Eur per hour + overtime, + holidays
* Knowledge of English would be an advantage (there are projects without English - the employer can pay for English courses),
* No experience required - we train
* We organize a trip to the place and meet,
* We accommodate (good living conditions),
* We arrange all the necessary documents,
* DIRECT work (not during business trips - Dutch contract),
* Full health insurance and social insurance. guarantees (Dutch).

WE ARE EMPLOYING ALL IN 2024. - departures from Lithuania almost every week!

www.dirbkuzsienyje.lt
Phone: +370 683 26708 +370 683 26709
email mail: info@dirbkuzsienyje.lt
https://www.instagram.com/dirbkuzsienyje/
https://www.youtube.com/channel/UC_zuEBWrqK7EXIjUMIHC0vg/videos

- Tax refund for those who worked abroad (England, USA, Norway, Ireland, Holland, Germany, Australia, Canada) ! -
Additional information
GUARANTEED EMPLOYMENT !! We are one of the oldest operating recruitment agencies in Lithuania - the company has been working for 14 years !!
We offer you well-paid warehouse jobs in Holland.
www.dirbkuzsienyje.lt
Requirements
Diligence, honesty, responsibility, motivation for work.
Reward
2000"
,http://www.darbasuzsienyje.org/darbas-nyderlanduose/olandija-darbas-sandeliuose-prie-namu-apyvokos-daiktu-17e2f,"Nature of work
EMPLOYMENT GUARANTEED !! We are one of the oldest employment agencies in Lithuania and we constantly offer permanent, legal and well-paid jobs in warehouses, factories, workshops and construction sites in Holland.
WE ARE URGENTLY OFFERING PERMANENT, LEGAL AND WELL-PAYING JOBS;

* Work in warehouses of household items - ""HEMA"", Kwantum, Leen Bakker"" (packaging goods, sticking labels, ""order picker"" positions, loading):
- Salary avg. 1600-2100 EUR/month;
- 40-60 working hours per week;
- Salary avg. 13.68 - 19.90 EUR per hour / overtime / holidays;
- Salary paid on time !!
- All social guarantees !!
- Work for men and women;
- Proficiency in English is an advantage (for those who do not know the language, employers compensate for English language courses) !
- No experience required!
- Good living conditions!
- We take you, meet you, accommodate you and organize the necessary documents.
We have 10 seats!! Departures throughout the year (almost every week) !!

YOU CAN FIND MORE JOB OFFERS on our website WWW.DIRBKUZSIENYJE.LT, by calling or visiting our company headquarters (FREE consultation).

www.dirbkuzsienyje.lt
Phone: +370 683 26708; +370 683 26709
email mail: info@dirbkuzsienyje.lt
https://www.instagram.com/dirbkuzsienyje/
https://www.youtube.com/watch?v=XJnMdPmU-Kc&list=UU_zuEBWrqK7EXIjUMIHC0vg&index=1

--- Tax refund for those who worked abroad (England, USA, Norway, Ireland, Holland, Germany, Australia, Canada) !!
Additional information
GUARANTEED EMPLOYMENT !! We are one of the oldest recruitment agencies in Lithuania - the company has been working for 15 years !!
We offer you well-paid warehouse jobs in Holland.
www.dirbkuzsienyje.lt
Requirements
Diligence, honesty, responsibility, motivation for work.
Reward
2000"
,http://www.darbasuzsienyje.org/darbas-vokietijoje/vokietija-darbas-sandeliuose-fabrikuose-vokiskas-kontraktas-18a4c,"Nature of work
EMPLOYMENT GUARANTEED! GERMAN AGREEMENT AND GERMAN SOCIAL GUARANTEES!

- We are one of the oldest recruitment and personnel selection agencies in Lithuania!
- We constantly offer permanent, legal and well-paid jobs in warehouses, factories, workshops in Germany.

Profitable and direct job offers in GERMANY!

We work for our clients in such companies as ""Zalando"", ""Zeitfracht"", ""Ahlers"", ""Thoks"", ""Grabowers"", ""Sauels"", ""Hermes"" and others (such as brands ""Puma"", ""Marc OPolo"" and others) .

Collecting and completing orders, marking goods, packing, loading, delivering parcels and other simple jobs (for men, women and couples):

- In logistics warehouses,
- In clothes warehouses (new and branded clothes),
- In chocolate and confectionery packaging factories,
- Magazines and books in stock,
- In companies producing cookies and waffles,
- In courier companies.


* Salary in Germany avg. 1600-2500 EUR per month. / 13.00 - 15.00 Eur per hour,
* Knowledge of a foreign language is not necessary (knowledge of Russian is an advantage),
* Work for women, couples, men
* No experience required - we train
* We take you to the place and meet you,
* We accommodate (good living conditions),
* We arrange all the necessary documents,
* DIRECT work (not during business trips - German contract),
* Full health insurance and social insurance. guarantees (German).

WE ARE EMPLOYING ALL IN 2024. - departures from Lithuania almost every week!

www.dirbkuzsienyje.lt
Phone: +370 683 26708 +370 683 26709
email mail: info@dirbkuzsienyje.lt
https://www.instagram.com/dirbkuzsienyje/
https://www.youtube.com/channel/UC_zuEBWrqK7EXIjUMIHC0vg/videos

- Tax refund for those who worked abroad (England, USA, Norway, Ireland, Holland, Germany, Australia, Canada) ! -
Additional information
GUARANTEED EMPLOYMENT !! We are one of the oldest operating recruitment agencies in Lithuania - the company has been working for 14 years !!
We offer you well-paid jobs in warehouses in Germany.
www.dirbkuzsienyje.lt
Requirements
Diligence, honesty, responsibility, motivation for work.
Reward
1800"
,http://www.darbasuzsienyje.org/darbas-didziojoje-britanijoje/anglija-darbas-popieriaus-fabrikuose-spaustuvese-paste-1585d,"Nature of work
EMPLOYMENT GUARANTEED !! We are one of the oldest employment agencies in Lithuania and we constantly offer permanent, legal and well-paid jobs in factories, warehouses, workshops, printing houses and hotels in England.
WE ARE URGENTLY OFFERING PERMANENT, LEGAL AND WELL PAYING JOBS IN LONDON;

* Paper factories (printing houses); mail (UK Mail, Augustus Martin and others) - (sorting, packing, folding, preparing for sending advertising material, cutting posters, paper, sorting letters, postal parcels).
- Hourly payment of work;
- Up to 60 working hours per week;
- Salary 8.72 - 11 GBP (pounds) per hour;
- Salary paid on time (weekly) !!
- All social guarantees !!
- Work for men and women;
- English language basics would be an advantage;
- No experience required!
- Good living conditions!
- We take you, meet you, accommodate you and organize the necessary documents.
We have 6 seats!! Departures in April, May.

YOU CAN FIND MORE JOB OFFERS on our website WWW.DIRBKUZSIENYJE.LT, by calling or visiting our company headquarters (FREE consultation).

www.dirbkuzsienyje.lt
Phone: +370 683 26708; +370 683 26709
email mail: info@dirbkuzsienyje.lt
https://www.instagram.com/dirbkuzsienyje/
https://www.youtube.com/channel/UC_zuEBWrqK7EXIjUMIHC0vg/videos

--- Tax refund for those who worked abroad (England, USA, Norway, Ireland, Holland, Germany, Australia, Canada) !! ---
Additional information
GUARANTEED EMPLOYMENT !! We are the oldest operating recruitment agency in Lithuania - the company has been working for 10 years !!
We offer you well-paid jobs in warehouses, factories and workshops in England.
www.dirbkuzsienyje.lt
Requirements
diligence, honesty, responsibility.
Reward
2200"
,,"Nature of work
EMPLOYMENT GUARANTEED !! We are one of the oldest employment agencies in Lithuania and we constantly offer permanent, legal and well-paid jobs in factories, warehouses, workshops, printing houses and hotels in England.
WE ARE URGENTLY OFFERING PERMANENT, LEGAL AND WELL PAYING JOBS IN LONDON;

* Work in logistics (""WHISTL"", ""SAINSBURY'S"", ""TESCO and others"") warehouses (packing, loading of toys, food products, clothes, ""order picker"" positions):
- Hourly payment of work;
- Up to 60 working hours per week;
- Salary avg. £300-£500 per week / £8.91 - £12 per hour;
- Salary paid on time (weekly) !!
- All social guarantees !!
- Work for men and women;
- Knowledge of English is not necessary!
- No experience required!
- Good living conditions!
- We take you, meet you, accommodate you and organize the necessary documents.
We have 8 seats available !! Departures in April, May.

YOU CAN FIND MORE JOB OFFERS on our website WWW.DIRBKUZSIENYJE.LT, by calling or visiting our company headquarters (FREE consultation).

www.dirbkuzsienyje.lt
Phone: +370 683 26708; +370 683 26709
email mail: info@dirbkuzsienyje.lt
https://www.instagram.com/dirbkuzsienyje/
https://www.youtube.com/channel/UC_zuEBWrqK7EXIjUMIHC0vg/videos

--- Tax refund for those who worked abroad (England, USA, Norway, Ireland, Holland, Germany, Australia, Canada) !! ---
Additional information
GUARANTEED EMPLOYMENT !! We are the oldest operating recruitment agency in Lithuania - the company has been working for 10 years !!
We offer you well-paid jobs in warehouses, factories and workshops in England.
www.dirbkuzsienyje.lt
Requirements
diligence, honesty, responsibility, motivation for work.
Reward
2200"
,http://www.darbasuzsienyje.org/darbas-didziojoje-britanijoje/darbas-anglijoje-darbas-anglijoje-darbas-anglijoje-1585b,"Nature of work
We are the OLDEST operating recruitment agency in Lithuania and offer well-paid, permanent and legal jobs in England in warehouses, factories, hotels (Amazon, Sainsbury's, Moss Bros, Blue Inc, UK Mail, Augustus Martin, Moy Park, Asda, ibis, Tulip and others):

- In printing houses (paper factories), post offices;
- In clothes warehouses (new and branded clothes);
- For drivers, couriers (""Amazon"" - parcel delivery);
- In electronics warehouses (""order picking"")
- Logistics of food products in packaging warehouses;
- In chocolate and confectionery packaging factories;
- Metal factory;
- Secondary raw materials sorting factories;
- Semi-finished, ready-to-eat products in packaging factories;
- In vegetable and fruit packing warehouses;
- In construction;
- In hotels, restaurants, cafes, banquet services;
- In car repair shops (blacksmiths, mechanics, painters);
- Moving furniture.

--- Salary avg. £300-600 per week;
--- English is not necessary (depending on the job position).

We take you, accommodate you and arrange the documents.

DEPARTURES in 2021 - we take place every Friday, all year !!

EMPLOYMENT GUARANTEED - we are one of the oldest operating employment agencies in Lithuania and we offer you legal, well-paid and permanent jobs in warehouses, workshops, factories, hotels and the farm sector in England.

www.dirbkuzsienyje.lt
Phone: +370 683 26708; +370 683 26709
email mail: info@dirbkuzsienyje.lt
https://www.instagram.com/dirbkuzsienyje/
https://www.youtube.com/channel/UC_zuEBWrqK7EXIjUMIHC0vg/videos

--- Tax refund for those who worked abroad (England, USA, Norway, Ireland, Holland, Germany, Australia, Canada) !! ---
Additional information
GUARANTEED EMPLOYMENT !! We are the oldest operating recruitment agency in Lithuania - the company has been working for 10 years !!
We offer you well-paid jobs in warehouses, factories and workshops in England.
www.dirbkuzsienyje.lt
Requirements
diligence, honesty, responsibility, motivation for work.
Reward
2400"
,http://www.darbasuzsienyje.org/darbas-nyderlanduose/darbas-drabuziu-sandelyje-1bd2e,"Nature of work
Workers needed in Holland, clothing warehouse. The work in Holland is dynamic - collection of clothes by scanner according to order, packing and sorting work, sticking stickers, filling out documents and maintaining order in the warehouse. Working in a clothing warehouse is suitable for couples, men, women, groups of friends.

Working conditions in the clothing warehouse:
*after going to the Netherlands, you sign an open-ended, Dutch employment contract;
*the employer provides accommodation and transport;
*in larger groups, we offer the opportunity to live in the same house;
*no recruitment or paperwork fees!
Requirements
* it is necessary to know English at B1-B2 level;
* have a personal bank account;
* experience in collecting goods is an advantage.
Reward
In Holland, the salary is 13.68 EUR/hour. Overtime is paid up to one and a half times more"
,http://www.darbasuzsienyje.org/darbas-nyderlanduose/vokietijoje-statybininkams-atnaujinta-2024-07-02-1cd47,"Nature of work
Holland!!! Urgent!!!
We need 2 guys to work in the factory in Nijkert.
Job description: Physical strength and endurance are required, it will be necessary to lift frozen meat blocks (usually 10-15 kg each) and remove them from the boxes (throw the box up on the work table to loosen the ice). There is no unpleasant smell in the warehouse, the temperature is about +5°C.
Salary: starting EUR 13.77 gross / hour, the salary rises to €14.27 after 3 months, and €14.77 after six months.
Salary is paid once a week.
Work in one shift: 6:00-15:00, work 5-6 days a week, overtime possible (then paid at a different rate)
Requirements:
-Lithuanian language is enough, or English A1-basic;
-motivation for work;
Driver's license B is As an advantage, a company car will be given
Without rights, a bicycle or e-bike is provided.
The living area is provided, its price is 125 euros per person for 1 week, it is not necessary to pay immediately, it is deducted from the salary. 1-2 people live in a room in a rented house.
Dutch long-term employment contract
Send your short CV, preferably in English immediately, but it is also possible in Lithuanian.
Selection for the Dutch company is carried out by:
UAB Euro direction
Aušros al. 68-306 room, Šiauliai
mobile phone: +370 699 89947 - daily 8:00 a.m. - 8:00 p.m.
E-mail: eurokryptis@splius.lt
Email: info@eurokryptis.lt
www.eurokryptis.lt
Requirements
is
Reward
is"
,http://www.darbasuzsienyje.org/darbas-nyderlanduose/suvirintojai-tig;mig-mag-prie-vejo-jegainiu-virinimo-cnc-operatoriai-sunkvezimiu-mechanikai-olandijoje-1cd48,"Nature of work
Holland!!! Technical workers needed for work in Holland!!! in 2024 Right now!!!

TIG;MIG/MAG welders,CNC press operators,CNC millers,turners;equipment assembly/installation workers,truck mechanics needed for work in Holland
A company based in the Netherlands (Holland) that specializes in the production of steel foundations for the offshore wind power industry (weighs 2000 tons). The company plays an important role in the development of wind energy projects.
They manufacture monopoles and transition elements, essential components of offshore wind turbines. They have advanced manufacturing facilities and have accumulated experience in providing high quality and customized foundation solutions.
Job description:
TIG or MIG/MAG welding of various metal constructions from black metal and stainless steel in various welding positions, according to the given drawings, reading drawings, etc.
Job requirements:
• Good knowledge of English,
• Be prepared to pass the VCA exam before you start,
• You have a driving license B,
Working conditions:
• Salary for 37.5 hours in the morning shift will be €540-620 net, after all taxes,
• Shift pay: afternoon: 128%, night 135%, Saturday/overtime 175%, Saturday 175%,
sunday 200%,
• Shift time: 3 shifts from 06:00 to 14:00, 14:00 to 22:00 and 22:00 to 06:00.,
• You will stay in a nice family house with a single room - free of charge, paid by the employer,
• When starting work, you will receive special work clothes, work shoes and protective equipment.
Technical vacancies in companies in the Netherlands:
Welders:
-TIG,
-MIG/MAG.
With and without welder's certificates, depending on the workplace (18 different positions for welders), salary 540 - 620 eur/net per week (37 working hours), after all taxes;
- CNC -press operators (press break operators) - 2 places - atl. 520-540 eur net / 37 hours per week;
-CNC operators (CNC machine operators)-2 jobs, salary 540 Eur net/37 hours per week;
- Equipment assembler-1 person,-500-520 eur net/37 hours per week.
Equipment - such as conveyor tables, stainless steel containers, assembly of equipment, etc. Know how to work with electronic tools for grinding, turning, etc. operations.
-truck mechanics-4 places, 500-540 eur net/37 hours per week.

Dutch long-term employment contracts.

Those who wish to apply should send their CV in English to e-mail: eurokryptis@splius.lt
Selection for Dutch companies is carried out by:
UAB Euro direction
Šiauliai, Aušros al. 68-306 room
Mobile phone: +370 699 89947
e-mail: eurokryptis@splius.lt
e-mail: info@eurokryptis.lt
www.eurokryptis.lt
Requirements
is
Reward
is"
,http://www.darbasuzsienyje.org/darbas-nyderlanduose/transporto-operatoriai-suvirintojai-frezuotojai-tekintojai-metalo-valcuotojai-darbui-metalo-gamyklose-olandijoje-jau-dabar-1cd58,"Nature of work
Holland!!! Technical workers needed for work in Holland!!! in 2024 Right now!!!

TIG;MIG/MAG welders,transport operators,CNC press operators,CNC millers,metal rollers,turners;equipment assembly/installation workers,truck mechanics needed for work in Holland
A company based in the Netherlands (Holland) specializing in the production of steel foundations for the offshore wind industry (weighs 2000 tons). The company plays an important role in the development of wind energy projects.
They manufacture monopoles and transition elements, essential components of offshore wind turbines. They have advanced manufacturing facilities and have accumulated experience in providing high quality and customized foundation solutions.
Job description:
TIG or MIG/MAG welding of various metal constructions from black metal and stainless steel in various welding positions, according to the given drawings, reading drawings, etc.
Job requirements:
• Good knowledge of English,
• Be prepared to pass the VCA exam before you start,
• You have a driving license B,
Working conditions:
• Salary for 37.5 hours in the morning shift will be €580-620 net, after all taxes,
• Shift pay: afternoon: 128%, night 135%, Saturday/overtime 175%, Saturday 175%,
sunday 200%,
• Shift time: 3 shifts from 06:00 to 14:00, 14:00 to 22:00 and 22:00 to 06:00.,
• You will stay in a nice family house with a single room - free of charge, paid by the employer,
• When starting work, you will receive special work clothes, work shoes and protective equipment.
Technical vacancies in companies in the Netherlands:
Welders:
-TIG,
-MIG/MAG.
With and without welder's certificates, depending on the workplace (18 different positions for welders), - salary 580 - 620 eur/net per week (37.5 working hours per week), already after all taxes;
- CNC -press operators (press break operators) - 2 places - atl. 520-540 eur net / 37 hours per week;
-CNC operators (CNC machine operators)-2 jobs, salary 540 Eur net/37 hours per week;
- Equipment assembler-1 person,-500-520 eur net/37 hours per week.
Equipment - such as conveyor tables, stainless steel containers, assembly of equipment, etc. Know how to work with electronic tools for grinding, turning, etc. operations.
-truck repair mechanics-4 places, 540 eur net/37 hours per week.
-bus repair mechanic-1 place, 540 EUR net/ 37 hours per week.

Dutch long-term employment contracts.

Those who wish to apply should send their CV in English to e-mail: eurokryptis@splius.lt
Selection for Dutch companies is carried out by:
UAB Euro direction
Šiauliai, Aušros al. 68-306 room
Mobile phone: +370 699 89947
e-mail: eurokryptis@splius.lt
e-mail: info@eurokryptis.lt
www.eurokryptis.lt
Requirements
is
Reward"
,http://www.darbasuzsienyje.org/darbas-nyderlanduose/op-suvirintojai-2-darbui-prie-vejo-jegainiu-valcuotu-ziedu-suvirinimo-olandijos-fabrike-jau-dabar-1cdbd,"Nature of work
Holland !!! OP welders(2) needed urgently!!!
Job description:
In the OP welder position, you perform welding joints using (semi-)automatic welding machines that comply with the relevant welding regulations.
Foundation piles are being made for wind farms in the North Sea. The piles consist of rolled rings that are fully automatically welded by OP welding. The welder is trained for several weeks inside the SIF to eventually be able to work independently with these specific OP welding machines.
The cleanliness and order of the workplace is part of it. You will work in a team with employees of various nationalities. Therefore, it is important to speak Dutch or English well. .
Material: steel, only large structures (see photo)
Required welding position: PA
Assembly part:-yes
Certificates: Not required
Salary: EUR 580 net (after all taxes) for 37.5 hours. work week.
Pay: afternoon shift 128%, night 135%, Saturday/overtime 175%, Sunday 200%.
Overtime: possible
Full-time work in 3 shifts
A company car is provided for going to work/living area/work about 10-30 km one way.
For a private car, the company refunds 0.23 EUR per kilometer
The living area is provided free of charge - one separate room in the house.
Dutch long-term employment contract.

Send CV to e-mail p.,- specified below.

Selection for the Dutch company is carried out by:

UAB Euro direction
Šiauliai, Lithuania
Mobile phone: +370 699 89947
Email: info@eurokryptis.lt
E-mail: eurokryptis@splius.lt
www.eurokryptis.lt
Requirements
is in the description
Reward
is in the description"
,http://www.darbasuzsienyje.org/darbas-vokietijoje/vokietija-darbas-logistikos-sandelyje-prie-uzsakymu-komplektavimo-1c444,"Nature of work
JOB DESCRIPTION:
Collection and assembly of goods using voice commands (household goods, hygiene products, fruit juices, etc.). Working with email wheelchair. Taking into account the employer's recommendations - age up to ~ 40 years.

SALARY:
* Salary paid on time (monthly);
* Avg. 1600-2500 EUR per month;
* Payment avg. from 13 - 15 Eur per hour;
* Social guarantees (when working with a German contract, length of service in Lithuania is calculated in the same way).

WORKING HOURS:
* Avg. 40-60 working hours per week;
* The possibility of additional work (overtime).

REQUIREMENTS:
* Age from 18 to 40 years;
* No experience required;
* Diligence, honesty, responsibility and motivation for work;
* The language is not required (the job requires knowledge of numbers in English, which can be easily learned).

ACCOMMODATION:
* Good living conditions (double rooms with WI-FI);
* Housing will be found and provided immediately upon arrival (you can also find housing on your own).

DEPARTURE:
* Nearest departures throughout the year (every week by appointment)
* We organize travel and trust.

DOCUMENTS:
* A bank account is opened (if necessary);

CONTACT INFORMATION:
+370 683 26708; +370 683 26709;
www.dirbkuzsienyje.lt
info@dirbkuzsienyje.lt

https://www.instagram.com/dirbkuzsienyje/
https://www.youtube.com/channel/UC_zuEBWrqK7EXIjUMIHC0vg/videos
https://www.facebook.com/Works in Holland, England, Germany/
Additional information
GUARANTEED EMPLOYMENT !! We are one of the oldest recruitment agencies in Lithuania - the company has been working for 15 years !!
We offer you well-paid jobs in warehouses in Germany.
www.dirbkuzsienyje.lt
Requirements
Diligence, honesty, responsibility, motivation for work
Reward
1800"
,http://www.darbasuzsienyje.org/darbas-vokietijoje/siulome-gerai-apmokama-darba-mechanikams-vokietijoje-15bd0,"Nature of work
We are looking for production technicians to work in Germany, in an aviation company
______________________________________________________________________________________
Job specifics:
• Work according to drawings (drawings in English).
• All types of adaptation, structural, repair (drilling, grinding, riveting, disassembly) and installation work.
• Working with screwed and riveted joints.
• Implementation of preparatory works according to drawings.
______________________________________________________________________________________
Salary:
Salary: EUR 13.00 - 16.00 per hour, depending on education and experience. Overtime: 19.50 - 24.00 EUR per hour, depending on education and experience.
Earnings per month: 2200 - 2800 EUR.
______________________________________________________________________________________
Accommodation:
Accommodation - live in single rooms, accommodation is absolutely FREE.
______________________________________________________________________________________
We guarantee you:
• Work in a foreign company.
• All documents required for work.
• Friendly international team.
• Motivating, timely salary.
• Accommodation near the workplace or free transport to work.
______________________________________________________________________________________
If you are interested, contact us by phone or e-mail.
www.darbera.lt
phone: +37064829708
e. Mr. info@darbera.lt
Requirements
• Training or retraining in the field of aviation, preferably as an aircraft mechanic.
• Good English or German.
• Professional experience in the aviation industry.
• Willingness to work in shifts, as well as night and weekend work at times.
Reward
2800"
,http://www.darbasuzsienyje.org/darbas-didziojoje-britanijoje/anglija-legalus-ir-nuolatiniai-darbai-sandeliuose-fabrikuose-15852,"Nature of work
WE ARE URGENTLY OFFERING PERMANENT, LEGAL AND WELL-PAID JOBS IN ENGLAND;
EMPLOYMENT GUARANTEED !! The oldest recruitment company in Lithuania!

We are currently recruiting for the following positions in England
(Amazon, Sainsbury's, Moss Bros, Blue Inc, UK Mail, Augustus Martin, Moy Park, Asda, ibis, Tulip and others):

- IN WAREHOUSES (packing, sorting, stacking, order picking, logistics warehouses of new and branded clothes, electronics, food products, fruits, vegetables, flowers);
- IN FACTORIES, POST OFFICE (printing and paper factories, packaging of postal items and correspondence, confectionery, chocolate, fast food, semi-finished products, processing industry);
- FOR DRIVERS, COURIERS (""Amazon"" parcel delivery);
- CECHUOSE (packing of frozen products);
- IN CONSTRUCTION (interior decoration, auxiliary workers, masons);
- IN FACTORIES (production and preparation of metal products, lids, boxes, cleaning);
- IN HOTELS (auxiliary hotel and kitchen staff, automated dishwashing, room cleaning, work in the hotel restaurant);
- IN CAFES, RESTAURANTS (waitresses, bartenders, banquet service);
- AUTO SERVICE SERVICES (blacksmiths, mechanics, painters);
- AGRICULTURE (flowers in greenhouses, vegetables and fruits in warehouses, harvest processing).

- GUARANTEED placement !!
- Salary paid on time (weekly) !!
- Salary avg. £300 - £700 per week / £8.91 - £12 per hour;
- Overtime;
- All social guarantees (jobs are legal) !!
- English language and experience is not necessary !!
- Jobs for men, women and couples!!
- Good living conditions (houses, cottages) !!
- We transport, accommodate and organize all the necessary documents;

- Departures: APRIL,
in MAY

YOU CAN FIND MORE JOB OFFERS on our website WWW.DIRBKUZSIENYJE.LT, by calling or visiting our company headquarters.

www.dirbkuzsienyje.lt
Phone: +370 683 26708; +370 683 26709
email mail: info@dirbkuzsienyje.lt
https://www.instagram.com/dirbkuzsienyje/
https://www.youtube.com/channel/UC_zuEBWrqK7EXIjUMIHC0vg/videos

- The company has been successfully operating for 10 YEARS!! We are one of the leading recruitment agencies in Lithuania and constantly offer legal, well-paid jobs in factories, warehouses, factories, workshops, construction and agriculture in England. -

--- Tax refund for those who worked abroad (England, USA, Norway, Ireland, Holland, Germany, Australia, Canada) !! ---
Additional information
GUARANTEED EMPLOYMENT !! We are the oldest operating recruitment agency in Lithuania - the company has been working for 10 years !!
We offer you well-paid jobs in warehouses, factories and workshops in England.
www.dirbkuzsienyje.lt
Requirements
diligence, honesty, responsibility, motivation for work.
Reward
2400"
,http://www.darbasuzsienyje.org/darbas-nyderlanduose/siulome-darba-aukstuminio-krautuvo-vairuotojui-olandijoje-1719e,"Nature of work
Job description

-Driving a forklift.
-Food production.
-Transportation of goods.
-Removal of pallets from racks.
-Quality control.
-The warehouse has a reduced temperature.
-Warm work clothes are provided.
---------------------------------------------------- ---------------------------------------------------- ---------------------
Remuneration
-Salary is €13.50/hour + bonuses. Per week or 450 - 600€ per week in hand.

Living conditions
-Accommodation in the house for two people per room, price: 103 € per week, the house has all amenities.

Duration of work
-The employment contract is open-ended.

We guarantee you
- COMPLETELY FREE EMPLOYMENT;
- additional working hours;
- work clothes;
- a friendly international team;
- the possibility of obtaining a VCA certificate;
-motivating, timely salary;
- residence in the Netherlands;
-all social guarantees.

Get in touch.
Tel. +37060770507
email Mr. info@helpiai.com
www.helpiai.com
Requirements
-Experience of driving a forklift;
- Spoken English or Dutch;
- Truck driver's license;
- A car is an advantage.
Reward
1700 - 2400"
,http://www.darbasuzsienyje.org/darbas-nyderlanduose/siulome-darba-gipso-kartono-montuotojams-olandijoje-15beb,"Nature of work
Drywall installers wanted for work in Holland.
______________________________________________________________________________________
Job specifics:
Good paying jobs available for plasterers in Holland. Plaster installers - work on construction sites, as well as individual house projects. The main function is the installation of plasterboard panels, and the employees must also perform the assigned tasks. Plasterboard panels are installed using metal profiles and can also be glued.

• Open-ended contract.
• Training is provided on site.
______________________________________________________________________________________
Salary:
The salary is paid every week - from 520 - 580 EUR in hand, AFTER RENT AND SOCIAL INSURANCE TAXES. Salary starts at EUR 2,200 per month after taxes.
______________________________________________________________________________________
Accommodation:
Accommodation - living in single rooms. ACCOMMODATION IS FREE.
______________________________________________________________________________________
We guarantee you:
• Work in a foreign company.
• All documents required for work.
• Friendly international team.
• Motivating, timely salary.
• Accommodation near the workplace.
______________________________________________________________________________________
If you are interested, contact us by phone or e-mail.
www.darbera.lt
phone: +37064829708
e. Mr. info@darbera.lt
Requirements
• English language.
• Plasterer experience required.
• Willingness to work.
• Own car is an advantage.
• Small tools.
Reward
2200"
,http://www.darbasuzsienyje.org/darbas-nyderlanduose/ieskomi-pakuotojai-olandijoje-rubu-sandelyje-15c0b,"Nature of work
We offer jobs for hosiery and clothing packers in the Netherlands
______________________________________________________________________________________
Job specifics:
You have to place new orders, pack. You also have to mark them. Once all this is done, the statement will go to the logistics department.

• Both men and women can work.
• Training is provided on site.
______________________________________________________________________________________
Salary:
The salary is 13.36 EUR per hour + bonuses. Between 1700 and 2200 EUR is earned per month.
______________________________________________________________________________________
Accommodation:
Accommodation - living in single or double rooms, price 100 - 115 EUR per week.
______________________________________________________________________________________
We guarantee you:
• Work in a foreign company.
• All documents required for work.
• Friendly international team.
• Motivating, timely salary.
• Accommodation near the workplace.
• Ability to work a lot of overtime.
______________________________________________________________________________________
If you are interested, contact us by phone or e-mail.
www.darbera.lt
phone: +37064829708
e. Mr. info@darbera.lt
Requirements
• English language.
• Willingness to work.
• Flexibility.
• Willingness to work overtime.
Reward
2200"
,http://www.darbasuzsienyje.org/darbas-vokietijoje/pelningas-darbas-vokietijoje-fabrikuose-145db,"Nature of work
Profitable loader work is offered in Germany, in factories. Job specifics: stacking various drinks on pallets, packaging, checking labels, sorting. The work is recommended for men under 45, as the work is physically demanding.

The employer offers:
• Guaranteed full working week;
• Salary from 1500 euros per month;
• Accommodation.

Details of the employment contract:
• Employment is free;
• Documents are arranged (bank account, social insurance numbers are provided);
• No direct or indirect taxes;
• The employment contract is signed with employers in Germany;
• Accommodation expenses are deducted from the salary, travel expenses Lithuania - Germany must be paid.

COMPENSATION
The salary is from 9.49 to 10 euros per hour (depending on the shift);
Overtime is paid up to 125% more.

WORKING HOURS
Full working week 40 hours + overtime.
Additional information
CONTACT INFORMATION
More detailed information by phone: +370 646 64507, +370 603 08464
Contact by email by mail: vokietija@darbaiuzsienyje.lt
Skype: work abroad
Address: Savanorių pr. Rooms 192 - 214, Nordic business center, Kaunas
Requirements
• English or German language proficiency level: B1;
• Diligence;
• Work in a team and individually.
Reward"
,http://www.darbasuzsienyje.org/darbas-didziojoje-britanijoje/darbai-geliu-fabrikuose-anglijoje-d36c,"Nature of work
A job is offered in a flower factory. Type of work: packing flowers, selecting unsuitable flowers, placing them in boxes. Works 5 days a week for 12 hours/day. Transportation from residence to work and from work to residence is provided.

----- Opening hours -----
40 hours/week + overtime

----- Salary -----
330 - 400 pounds/week

Work experience is not mandatory, training is provided for newcomers.

----- Accommodation -----
We provide accommodation in fully equipped cottages. The cottages are equipped with all the necessary household appliances. Rent £45 - £55/week (utilities included).

----- Contact Information -----
More detailed information by phone: +370 646 64507, +370 603 08464
Contact by email by mail: info@darbaiuzsienyje.lt
Send your CV: cv@darbaiuzsienyje.lt
Skype: work abroad
Address: Savanorių pr. Rooms 192 - 214, Nordic business center, Kaunas
Additional information
We offer you:
All social guarantees;
Legal work;
A full working week;
Weekly salary;
Accommodation;
Confidence upon departure;
Insurance Number arrangement;
Opening a bank account.
Requirements
No knowledge of English is required.
Reward
8.72 - 9.02 pounds per hour. Overtime is available at 1.5 times more."
,http://www.darbasuzsienyje.org/darbas-vokietijoje/prekiu-uzsakymu-surinkejai-14ab8,"Nature of work
Place of work: Buggingen, Germany.

Nature of work:
• Collection of product orders;
• Packing, sending orders;
• Working with a handheld scanner;
• All warehouse work
Requirements
Place of work: Buggingen, Germany.

Nature of work:
• Collection of product orders;
• Packing, sending orders;
• Working with a handheld scanner;
• All warehouse work.

Requirements:
• Possibility to leave as soon as possible;
Similar work experience is an advantage;
Basic knowledge of English or German is an advantage;
• Motivated and hardworking employee;
• Ability to work independently and quickly learn innovations;
• Work clothes;
• Send resumes in English or German!

We provide:
• Long-term work with the possibility of improvement;
• Salary 9.49 €/h;
• Number of working hours: 38.5 hours, possible overtime;
• Accommodation is provided for an additional fee;
• 50% of transport costs from Lithuania to Germany are covered after a month of work;
• Possibility to go in pairs.

To inquire or apply, send your resume in English. email by mail jurate@reditus.lt or call 837211835 or 8 652 64738.
Reward
1000"
,http://www.darbasuzsienyje.org/darbas-nyderlanduose/darbuotojai-obuoliu-skynimui-149ef,"Nature of work
Place of work: The Netherlands.

Nature of work:
• Work in a nursery;
• Apple picking.
Requirements
• Possibility to leave as soon as possible;
• Similar work experience is an advantage;
• Language is not required, English is an advantage;
• Motivated and hardworking employee;
• Ability to work independently and quickly learn innovations;
• Send resumes in English!

We provide:
Short-term work with the possibility to stay;
• Salary 9.92 €/h;
• Number of working hours: from 40 hours, overtime possible;
• Salary is paid monthly;
• Accommodation is provided for an additional fee.

To inquire or apply, send your resume in English. email by mail karolina@reditus.lt or call 837211835 or 8 637 08855.
Reward
1550"
,http://www.darbasuzsienyje.org/darbas-vokietijoje/darbas-vokietijoje-drabuziu-sandelyje-13daf,"Nature of work
We are looking for employees to work in Germany (Flensburg), in a clothing warehouse. Nature of work - unpacking jeans, skirts, t-shirts, shoes from packages, checking their quality, evaluating, scanning. Both men and women are accepted to work in this warehouse, but women are preferred.

COMPENSATION
Hourly - from 9.49 euros per hour;
Monthly - from 1500 to 1800 euros.

WORKING HOURS
There are two shifts:
• morning - from 6:00 a.m. to 2:00 p.m.;
• daytime - from 14:00 to 22:00.
Working from 40 h/week. + overtime.

ACCOMMODATION
We offer accommodation in cottages, double rooms with necessary household appliances. The kitchen and bathrooms are shared. There is a possibility to live for couples. Rent for one person - 68.75 EUR/week (the rent is deducted from the salary by the employer).
Additional information
More detailed information by phone: +370 646 64507, +370 603 08464
Contact by email by mail: info@darbaiuzsienyje.lt
Skype: work abroad
Address: Savanorių pr. Rooms 192 - 214, Nordic business center, Kaunas
Requirements
• Responsibility, diligence;
• Recommended age for work is 18 - 45 years;
• No experience necessary, training is available.
Reward
Hourly - from 9.49 euros per hour; Monthly - from 1500 to 1800 euros."
,http://www.darbasuzsienyje.org/darbas-vokietijoje/skalbyklos-darbuotojos-vokietijoje-15d97,"Nature of work

Women wanted for a laundry job in Lohne, Germany.
Hourly salary - 9.87 EUR/hour. Working hours - 40-60 hours/week. Work from Monday to Friday.
Accommodation is provided - 170 EUR/month. (Double rooms. The fee is deducted from the first salary) In individual cases, single rooms are also available, the price of which is EUR 240/month.

The job is legal, with all German social guarantees.
For more detailed information, you can ask by phone:
+37067674941
Or e-mail by mail:
admin@darbaiuzsienyje.com (when sending your CV, indicate the job position you are interested in)
www.facebook.com/Darbupasaulis
Or upon arrival at the office:
Mickevičius st. 8 (II floor), Kaunas, inform about your arrival by the above contact number.
Requirements
At least minimal knowledge of Russian or German;
Good physical health;
Age up to 55 years.
Reward
9.87 EUR/hour
Location
Lohne"
,http://www.darbasuzsienyje.org/darbas-vokietijoje/darbas-vokietijoje-rubu-sandelyje-moterims-be-kalbos-15291,"Nature of work
JOB DESCRIPTION
New groups are being recruited for work in Germany. Nature of work: packing, sorting, stacking of various clothes, collection of goods by scanner and other various storage works. Employers prefer women. Departure as soon as possible.

COMPENSATION
Paid salary - 10 EUR/h.


WORKING HOURS
A 40-hour work week is employed. Opportunities to work overtime are also provided.

ACCOMMODATION
Accommodation is offered in single, double rooms - apartments or houses. Apartment rent - 75 EUR/week. Utilities are included. The rent is deducted from the salary.
Additional information
Departure as soon as possible.
Requirements
* Foreign language is not necessary;
* The recommended age of employees is between 20 and 40 years;
* Responsibility and not having bad habits.
Reward
From 1200 EUR/month"
,http://www.darbasuzsienyje.org/darbas-vokietijoje/darbas-vyrams-be-kalbos-vokietijoje-sandeliuose-15b16,"Nature of work
Job offer for men in Kitzingen, Germany. Work in the warehouse of the shopping center - loading, unloading, sorting, assembly of goods. The work is physically more difficult, so the recommended age of employees is 25 - 40 years. Knowledge of a foreign language is not necessary to apply for this position.

The employment contract is signed for 6 months with the possibility of extension for a longer period.

COMPENSATION
Paid salary 10.50 EUR/h;
Overtime and night shifts are paid at 125%;
Saturday is paid at 150%.

ACCOMMODATION
Rental price 62.5 EUR/week. The employer provides housing in a cottage-type house - in double and triple rooms. They are fully furnished with all necessary household appliances. We will be able to show you more photos when we arrive at the office.
Additional information
More detailed information by phone: +370 646 64507, +370 603 08464
Contact by email by mail: info@darbaiuzsienyje.lt
Skype: work abroad
Address: Savanorių pr. Rooms 192 - 214, Nordic business center, Kaunas
Requirements
* You need your own car to go to work (1 person out of 5 has to drive their own car);
* Knowing a foreign language is not necessary;
* Responsibility, not having bad habits;
* The recommended age of employees is between 25 and 40 years.
Reward
From 1700 euros/month."
,http://www.darbasuzsienyje.org/darbas-didziojoje-britanijoje/anglija-sezoninis-darbas-vasarai-12ce9,"Nature of work
We are already registering for seasonal work in England in agriculture.

****Strawberry, raspberry picking
****Flower picking (peonies, marigolds, gladiolus)
****Weeding of vegetables
****Harvesting of lettuce, onions, spinach)

The work is legal, all social guarantees.
Salary 300-500 pounds per week (for work done)
English language and work experience are not necessary, we take you, accommodate you, help you organize all the documents.


UAB NILARA
Lukiškių st. 5-101, Vilnius
860026385,864311790
Requirements
desire to work
Reward
1800"
,http://www.darbasuzsienyje.org/darbas-didziojoje-britanijoje/ie-16044,"Nature of work
Place of work: Guernsey, Channel Islands
The restaurant is located on an island characterized by early sunny spring. We invite you to acquire a priceless
experience working in a famous city restaurant!

Employers offer:
Paid accommodation. Living in double rooms, each of them has a refrigerator, TV,
kettle.
Social guarantees
50 hours work week
Tips - average £100 per week

A kitchen worker is wanted in a restaurant located on the island of Guernsey!
Salary - £18,425 per year

Chef in a restaurant located in the Channel Islands!
Employers offer:
Salary - £19,745 per year

Senior chef in a luxury restaurant located on the islands!
Salary - £22,000 per year

Those who wish to apply must already have:
Send your CV in English to atranka@balticunion.com
Requirements
Knowledge of the English language
Relevant experience"
,http://www.darbasuzsienyje.org/darbas-vokietijoje/mesos-pusfabrikaciu-pakavimas-netoli-hamburgo-146f4,"Nature of work
• CE category driver wanted;
• Loading and unloading works with a loader;
• Delivery of goods.
Additional information
We provide:
• Long-term work;
• Salary 13 €/h after deduction of taxes;
• Number of working hours from 50 to 60 hours. per week.;
• Salary is paid weekly;
• Accommodation - free of charge;
• Transport costs for going to Holland are covered;
• Reimbursement of transport costs for going to/from work.
• We guarantee confidentiality, we will inform only the selected candidates.
Requirements
• Possibility to leave as soon as possible;
• At least 2 years of work experience;
• Ability to speak English;
• Motivated and hardworking employee;
• Qualification certificates are an advantage;
• Send resumes in English!
To inquire or apply, send your resume in English. email by e-mail sandra@reditus.lt or call 837211835 or +370 629 97089.
By applying, you agree that your personal data will be used and stored by UAB ""Reditus LT"" for job search purposes. http://www.reditus.lt/privatumo-politika/ /
Reward
2080
Location
Tilburg"
,http://www.darbasuzsienyje.org/country-lt/skubiai-reikia-pinigu-mes-galime-jums-padeti-15f04,"Nature of work
Need money urgently? We can help you!
Is it because of a current situation that is causing trouble or threatening to put you in trouble?
In this way, we give you the opportunity to take on a new development.
As a wealthy person, I feel obligated to help people who are trying to give them a chance. Everyone deserves a second chance and since the government has failed, it will have to come from others.
No amount is too crazy for us and the deadline is determined by mutual agreement.
No surprises, no extra costs, just the agreed amounts and nothing more.
Can't wait to comment on this post. Specify the amount you want to borrow and we will contact you with all the options. contact us today at mullerdieter641@gmail.com

Requirements
Need money urgently? We can help you!
Is it because of a current situation that is causing trouble or threatening to put you in trouble?
In this way, we give you the opportunity to take on a new development.
Reward
Need money urgently? We can help you!
Location
Tallinn"
,http://www.darbasuzsienyje.org/darbas-nyderlanduose/olandijoje-mesos-sandelyje-krovimo-darbai-14c8c,"Nature of work
LOADING WORK IN A MEAT WAREHOUSE IN THE NETHERLANDS

Job offer in Holland, in a meat warehouse.
The purpose of work is to load meat products onto pallets.
Hourly salary - 10.22 eur./hour, working 45-50 hours per week.
The apartment is provided, the rent is 70 eur./week, deducted from the salary.
This is a workplace for men, but women are also needed to work in another factory to pack clothes, so couples can go together, live together, but work in different jobs.

Requirements:
- Age up to 45 years.
- Minimum knowledge of English.
- Driver's license is an advantage.

Departure is urgent.

The work is legal, with Dutch social security guarantees, the sofa number is arranged.

For more detailed information contact tel. +37064881832 or info@darbaiuzsienyje.com

http://www.darbaiuzsienyje.com
Requirements
Minimum knowledge of English
Reward
10.22
Location
Woudenberg"
,http://www.darbasuzsienyje.org/darbas-airijoje/reikalingi-darbuotojai-darbui-statybose-15edc,"Nature of work
Carpenters, masons, helpers with experience in construction work are needed. The work is legal. Work in Dublin. English is not required. Call 0857300023. Amber
Requirements
Safe pass and manual handling.
Reward
According to the agreement"
,http://www.darbasuzsienyje.org/darbas-vokietijoje/skubiai-reikalingas-suvirintojas-vokietijoje-15960,"Nature of work
Welder urgently needed in Germany, near Stuttgart.
The nature of work is to be able to weld metal, stainless steel and plastic. Expired certificates can be renewed in Germany. The company pays for the renewal costs.
Salary - 13Eur/hour.
Working from 38 hours/week. Overtime is available when the company has more work.
Knowledge of the Russian language is required. Basic knowledge of the German language is a big advantage.
Accommodation is provided FREE of charge.
EMERGENCY DEPARTURE POSSIBLE!!!

Phone for inquiries: +37067851101
Email: cv@darbaiuzsienyje.com
www.darbaiuzsienyje.com
Requirements
Knowledge of the Russian language.
Knowledge of German is an advantage.
Reward
1"
,http://www.darbasuzsienyje.org/darbas-nyderlanduose/rubu-sandelys-olandijoje-15a05,"Nature of work
Workers needed to work in Holland, clothing warehouse, Utrecht or Zoetermeer.
Type of work: collecting online orders, sticking labels, marking sizes.
Salary:
In the city of Utrecht - 9.94 EUR/hour.
Salary in Zoetermeer depends on age: up to 21 years. 8 EUR/hour
From the age of 21 - 9.80 Eur/hour.
Knowledge of English is required.
Accommodation is provided. You will live in single or double rooms. The rental price is 82.50 Eur/week.

Phone for inquiries: +37067851101
Email: cv@darbaiuzsienyje.com
www.darbaiuzsienyje.com
Requirements
Knowledge of the English language.
Reward
1"
,http://www.darbasuzsienyje.org/darbas-danijoje/sezoninis-darbas-vyrams-danijoje-15a83,"Nature of work
Men needed to work in Denmark, at Christmas trees.
The nature of the work is the formation and planting of Christmas trees.
Remuneration is paid on the basis of output or hourly. Average salary 1500 - 2000 EUR/month.
Accommodation is provided. Rental price - 2000 kroner per month, (~200Eur/month)
No knowledge of a foreign language is required.
Going to work with your own car is a big plus.
Duration of work is 3 months.
Immediate departure possible.

Phone for inquiries: +37067851101
Email: cv@darbaiuzsienyje.com
www.darbaiuzsienyje.com
Requirements
-
Reward
1"
,http://www.darbasuzsienyje.org/darbas-vokietijoje/kambarines-vokietijoje-su-rusu-kalba-15e1a,"Nature of work
Job offers for maids in Germany, Hamburg.
Nature of work - cleaning, organizing, preparing hotel rooms for guests. Management takes place in beach huts.
Salary - 10.30 Eur/hour.
 No age limit.
 Knowledge of the Russian language is sufficient.
Accommodation is provided. You will live in double - triple rooms. The rental price is 250 Eur/month. deducted from salary.
An open-ended employment contract is signed.
The job is legal, with all German social guarantees.

Phone for inquiries: +37067851101
Email: cv@darbaiuzsienyje.com
www.darbaiuzsienyje.com
Requirements
-
Reward
1"
,http://www.darbasuzsienyje.org/darbas-nyderlanduose/vaikinai-moterys-ir-poros-darbui-salotu-darzoviu-fabrike-olandijoje-nuo-11-26-d-pirmadienio-1494c,"Nature of work
Men, women and couples are urgently needed for work in a vegetable-salad factory in Holland from 11.26-Monday, as production workers on the line - a total of 10 people, and as expedition workers - only men in this position, aged 18-40, although with a strong base in English or only Polish:
For our client in Helmond, we are looking for candidates for the post: expedition worker (only for men).

The work consists in moving the product boxes forward, removing empty pallets and supplementing new ones. Loading, packing and tying pallets ready for shipment. Works in cold conditions - the hall has a temperature between 3-6 degrees (warm clothing is provided). Work in a 3-shift system. Rate: 10.19 euros gross / h per month employee receives a rate of 11.04 euros / hour + shift allowances.
Departure from Lithuania is organized by minibus, - fast

Selection for the Dutch employer is carried out by:

UAB Euro direction

Aušros al. 68-306 room, Šiauliai

mobile phone: +370 699 89947 - until 22:00 daily
landline: +370 41 598570 - until 5:00 p.m.
E-MAIL: eurokryptis@splius.lt
www. eurokryptis.lt
For those who wish to apply, please send your short CV - EITHER IN ENGLISH OR LITHUANIAN LANGUAGE


Contact phone: +370 41 598570 AND MOBILE PHONE: 8699 89947
Additional information
Both production workers and expedition workers are needed (men only)
Requirements
motivation for work
Reward
22 years and over - 10.19 eur gross per hour + extras, after 1 month - 11.04 + extras"
,http://www.darbasuzsienyje.org/darbas-nyderlanduose/merginos-ar-moterys-ar-poros-darbui-zuvies-fabrike-olandijoje-2019-m-geguzes-men-12804,"Nature of work
Required for work in the Netherlands:

-Girls (or women), or only couples - up to 40 years old are needed for permanent work in fresh marine fish processing factories in Holland

Work: processing of sea caught fresh (will be trained in veto by a qualified employee of the company), packaging, labeling, loading - unloading works in the factory
Direct contract with a Dutch fish factory

Quick departure - in May - from Lithuania by minibus. Lithuanians already in Holland can also apply.
Requirements for candidates:

- be able to work for at least 3-4 months.
- a foreign language is not necessary - only Lithuanian is enough - there are working Lithuanians.
- to be used to physical work
- experience is not necessary, but similar work in fish farming. in factories is an advantage, especially when processing fish with a knife, filleting, etc. operations (but this is not a necessity). There are machines built for fish filleting.
We offer you:

-legal work directly in factories by providing a Dutch worker Sofi(BSN) number
-salary: from 9.20 eur gross per hour. (with taxes), depending on the necessity of production, the number of hours worked per day (8 hours-9 hours-.10 hours-)
- the living area is provided near the factory, in a house rented by the employer, 2 people live in a room. The cost of living space and energy (electricity, gas, water, etc.) per person for 1 month - 200 EUR, you do not need to pay immediately, it is deducted from your salary.
- the office has video footage, photos about the technological process of sea fish processing can be viewed on site.

Send your CV (only in English or Polish), or come to the office for an interview, or make a phone call.


The selection is carried out by: UAB Euro kryptis, address: Aušros al. 68-306 room, Šiauliai.
Office phone: +370 41 598570
Mobile phone: +370 699 89947
Email: eurokryptis@splius.lt
www.eurokryptis.lt



Refund of overpaid taxes for those who worked in England, Holland, Ireland, Norway, Germany!
Contact phone:
+370 41 598570 mobile phone: 8699 89947
Contact phone: +370 41 598570 or mobile phone: 8699 89947
Requirements
- be able to work for at least 3-4 months.
- a foreign language is not necessary - only Lithuanian is enough - there are working Lithuanians.
- to be used to physical work
Reward
specified in the description"
,http://www.darbasuzsienyje.org/darbas-vokietijoje/darbas-vokietijoje-be-uzsienio-kalbos-164ee,"Nature of work
JOB DESCRIPTION
Job offers in Germany in factories and warehouses in Geldern, Nettatal, Kerken, Reheurdt. Works in factories are usually at the line, packing, sorting, assembling various products and other similar work. The work is not complicated and difficult, so women and men work (recommended age of workers is from 18 to 45).

1 of 4 job positions are available:
*Working in a textile factory;
* Work in logistics;
* Work in warehouses;
*Working in a greenhouse.
Additional information
WORKING HOURS -
40 h/week + overtime.

- REQUIREMENTS -
A foreign language is not necessary, Lithuanian is sufficient;
You can work for a long time.

- ACCOMMODATION -
Accommodation is offered in double rooms - apartments or houses. Apartment rent 81.50 EUR/week. Utilities are included. The rent is deducted from the salary.
Requirements
- CONTACT INFORMATION -
More detailed information by phone: +370 646 64507
Contact by email by mail: vokietija@darbaiuzsienyje.lt
Address: Savanorių pr. 192 - 214, Nordic business center, Kaunas
Reward
The salary is paid from 10 EUR/h, for overtime they pay up to 125% more than the usual hourly salary."
,http://www.darbasuzsienyje.org/darbas-vokietijoje/darbas-vyrams-volkswagen-autodetaliu-fabrike-vokietijoje-15440,"Nature of work
JOB FOR MEN AT VOLKSWAGEN AUTO DETAIL FACTORY IN GERMANY

Men are urgently needed to work as a Volkswagen auto parts factory in Germany.
Job scope - auto part assembly work, production, packaging. The city of Kassel.
Hourly salary 9.50eur./hour gross.
Work about 45-50 hours a week.
Accommodation is provided, the rent is 250 eur./month. It is not necessary to pay immediately, it is allowed to pay from the salary.
Salary is paid once a month.
Requirements:
- Knowledge of Russian or German language;
- Age up to 50 years;
Immediate departure is possible in weeks.

For more detailed information contact tel. +37064881832 or info@darbaiuzsienyje.com

http://www.darbaiuzsienyje.com
Requirements
Knowledge of the Russian language
Reward
EUR 9.50/hour
Location
Kassel"
,http://www.darbasuzsienyje.org/darbas-vokietijoje/darbui-vokietijoje-reikalingi-c-arba-ce-kategorijos-vairuotojai-15a50,"Nature of work
C OR CE CATEGORY DRIVERS ARE REQUIRED FOR WORK IN GERMANY

C and CE category drivers are required for work in Germany.
Job description - travel work from January 1st to January 5th, overnight in the car on weekdays, at home on weekends, in accommodation provided by the employer. Accommodation is provided in the city of Sembach in Germany, and there is also a company where you will be employed. The rent of the apartment is 250 eur./month, deducted from the salary, there is no need to pay anything upon arrival.
Employment in a German company, with German social guarantees.
The job is long-term, with an open-ended German contract.
Requirements:
- C or CE category driver's license.
- Code 95
- Driver's card
- Knowing the Russian language is enough
-
Remuneration I hands, after taxes for category C drivers 1800eur.
Salary I hands, after deduction of taxes for CE category drivers 2100eur.

Immediate departure is possible.

For more detailed information contact tel. +37064881832 or info@darbaiuzsienyje.com

http://www.darbaiuzsienyje.com
Requirements
C or CE category driver's license
Knowledge of the Russian language
Code 95
tachograph card
Reward
1800-2100 eur./month"
,http://www.darbasuzsienyje.org/darbas-vokietijoje/pakavimo-fabrikas-vokietijoje-10eur-val-15e93,"Nature of work
Packaging factory in Germany 10eur./hour.

Very urgent departure to a chicken packing plant in Germany.
We are leaving on MAY 22.
Type of work: placing fillets on the line, cutting fillets, standing at the scale, weighing, packing: drumsticks, wings, marinating.
The salary is paid hourly, from 10 eur./hour to 13.50 eur./hour, depending on the shift and whether you will work on weekends/holidays.
Work up to 50 hours per week.
Accommodation is provided, the rent is 240 eur./month. is deducted from the salary, it is not necessary to transport immediately. Accommodation conditions are good - bed linen, dishes, internet are provided. Rooms for 2 people.

Requirements:
- At least knowledge of the Russian language;
- Age up to 46 years;
- Women, men and couples are accepted;

Salary paid once a month, German social security.
The initial contract is for 9 months, with the possibility of extension.

REGISTRATION FOR DEPARTURE IS VERY URGENT, DEPARTURE 05.22!!!

We organize the trip, you get all the employers' contacts and other necessary information before you leave.

For more detailed information contact tel. +37064881832 or info@darbaiuzsienyje.com

http://www.darbaiuzsienyje.com
Requirements
Knowledge of the Russian language
Age up to 46 years.
Reward
10 euros/hour"
,http://www.darbasuzsienyje.org/darbas-airijoje/darbas-airijoje-moterims-vyrams-ir-poroms-15f16,"Nature of work
JOBS IN IRELAND FOR WOMEN, MEN AND COUPLES

Jobs offered in Northern Ireland. The work is legal, with social guarantees, contracts are open-ended.
The nature of the work is the sorting of dry waste, the work is done with automated machines, you only need to select those wastes that ""move along the conveyor"". When you arrive at the office, we can show you a video of how the work is going on in that particular warehouse.
Both men and women are accepted.
The hourly wage is 8.35 gbp/hour, you can work a lot of working hours, so you can also earn a lot. The average salary per week can reach about 500eur.
Housing is provided, rent can be 150gbp/month. , if you share a room or 200gbp/month if you share a room. Accommodation conditions are good.

Knowledge of English is not necessary, there are working Lithuanians, and the company also has its own translators.

There is no age limit either, the most important requirement is the desire to work, earn money, pace, quick orientation, working in a factory is an advantage.

You can go to Ireland by minibus (we fully organize the trip) or you can fly by plane, the transfer from the airport is fully organized.

Immediate departure is possible.

More detailed information tel. +37064881832 or e-mail Email info@darbaiuzsienyje.com


www.darbaiuzsienyje.com

Requirements
DESIRE TO WORK
GOOD HEALTH
Reward
9 euros/hour
Location
NEWRY"
,http://www.darbasuzsienyje.org/darbas-nyderlanduose/darbas-moterims-fabrike-isvykimas-06-15-161a2,"Nature of work
Urgent departure required 3 women to work in Holland in a factory in Giessen. Line work, meat packing, labeling. Working 40 hours/week.
Salary - 10.94 Eur/hour.
Requirements:
- Age up to 45 years.
- Knowledge of the English language. (basics)
Accommodation is provided. You will live in single - double rooms. The rental price is 82 Eur/week.
The job is legal, with all Dutch social guarantees.

Phone for inquiries: +37067851101
Email: cv@darbaiuzsienyje.com
www.darbaiuzsienyje.com

Requirements
Age up to 45 years.
Reward
1"
,http://www.darbasuzsienyje.org/darbas-vokietijoje/batu-rusiavimo-sandelys-vokietijoje-16302,"Nature of work
Warehouse workers needed to work in Germany, in a shoe warehouse. The nature of the work would be shoe sorting, selection, and size marking.
Salary - 9.79 Eur/hour.
Working 45 hours/week.
Knowledge of the Russian language is required and the recommended age is up to 55 years.
Accommodation is provided FREE of charge.
Employment is direct. With German social guarantees.

For registration, call: +37067851101 or write: cv@darbaiuzsienyje.com
www.darbaiuzsienyje.com
Requirements
Knowledge of the Russian language.
Age up to 55 years.
Reward
1"
,http://www.darbasuzsienyje.org/darbas-vokietijoje/aukstuminio-auto-krautuvo-vairuotojai-vokietijoje-atlyginimas-iki-2200-eur-16307,"Nature of work
Place of work: Dortmund, Stuttgart.
Job description:
Work for forklift drivers. It works with a telescopic side loader controlled by a camera. Recording of damage to received goods, their packaging and containers. All new employees are instructed and familiarized with the workplace.

We offer you:
• Long-term German employment contract and all social guarantees;
• Salary always paid on time from 1500 - 2200 Eur;
• Supplements to salary for results (bonuses);
• Free accommodation*;
• Document management**;
• Free trip***.

* Compensations: Work clothes are provided, work shoes are paid for, which you purchase yourself (after 3 months of work, EUR 40 is transferred to your bank account, together with the salary).
The expenses of the first trip from Lithuania to Germany (after 3 months of work, EUR 100 is transferred to your bank account, together with the salary.

**Accommodation: You will live in a room for two, not far from the workplace, with all amenities, there is internet, you only pay utility bills of 100-120 EUR/month. deducted from wages.

*** Document management: registration, bank account, tax refund, child benefits, etc.

CONTACTS
Tel. +370 695 20383
email e-mail info@hamlog.lt

Requirements
• Necessary loader rights;
• Physical endurance;
• Diligence.
Reward
1500-2200"